site_no,name,basin,state,lat,long,drainage_area_sqmi,elevation_ft,huc
10039500,"BEAR RIVER AT BORDER, WY",Bear River Basin,ID,42.21104338,-111.0538022,2480.0,6056.85,16010102
10068500,BEAR RIVER AT PESCADERO ID,Bear River Basin,ID,42.4015929,-111.356875,3705.0,5909.85,16010201
10092700,BEAR RIVER AT IDAHO-UTAH STATE LINE,Bear River Basin,ID,42.0129808,-111.92134,4884.0,4424.2,16010202
10125500,MALAD RIVER AT WOODRUFF ID,Bear River Basin,ID,42.0297222,-112.2295833,472.0,4366.79,16010204
10396000,DONNER UND BLITZEN RIVER NR FRENCHGLEN OR,Malheur River Basin - eastern OR,ID,42.7908333,-118.8675,200.0,4260.33,17120003
11491450,"IRVING CREEK NEAR LENZ, OR",KLAMATH RIVER BASIN,OR,42.95166667,-121.4590556,0.9,4617.0,18010201
11491470,"JACKSON CREEK NEAR LENZ, OR",KLAMATH RIVER BASIN,OR,42.9783611,-121.459361,11.3,4680.0,18010201
11491950,"MILLER CREEK NEAR BEAVER MARSH, OR",KLAMATH RIVER BASIN,OR,43.1833333,-121.8735556,21.6,,18010201
11492550,"SAND CREEK BLW SAND CREEK CANAL NR CHINCHALO, OR",KLAMATH RIVER BASIN,OR,42.8704083,-121.8484722,,4578.0,18010201
11493100,"SCOTT CREEK BLW SAND CREEK CANAL NR CHINCHALO, OR",KLAMATH RIVER BASIN,OR,42.88709167,-121.8727556,,4587.0,18010201
11493500,"WILLIAMSON RIVER NEAR KLAMATH AGENCY, OR",KLAMATH RIVER BASIN,OR,42.739925,-121.8345167,1290.0,4487.42,18010201
11501000,"SPRAGUE RIVER NEAR CHILOQUIN, OR",KLAMATH RIVER BASIN,OR,42.58430556,-121.8483333,1565.0,4202.43,18010202
11502500,"WILLIAMSON RIVER BLW SPRAGUE RIVER NR CHILOQUIN,OR",KLAMATH RIVER BASIN,OR,42.564375,-121.8797139,3030.0,4148.5,18010201
11503000,"ANNIE SPRING NEAR CRATER LAKE, OR",KLAMATH RIVER BASIN,OR,42.8715179,-122.168917,,5982.65,18010203
11504115,"WOOD RIVER NEAR KLAMATH AGENCY, OR",KLAMATH RIVER BASIN,OR,42.58155556,-121.9417028,78.8,4147.0,18010203
11504260,"FOURMILE CANAL NEAR KLAMATH AGENCY, OR",KLAMATH RIVER BASIN,OR,42.5745,-122.051361,,4099.86,18010203
11504270,"CRYSTAL CREEK NEAR ROCKY POINT, OR",KLAMATH RIVER BASIN,OR,42.51269444,-122.0761389,,4122.41,18010203
11504290,"SEVENMILE CNL AT DIKE RD BR, NR KLAMATH AGENCY, OR",KLAMATH RIVER BASIN,OR,42.58166667,-121.9713889,,4146.0,18010203
11507500,"LINK RIVER AT KLAMATH FALLS, OR",KLAMATH RIVER BASIN,OR,42.22347795,-121.7941708,3810.0,4083.71,18010204
11508700,"KLAMATH RIVER AT MILLER ISLAND, NEAR MIDLAND, OR",KLAMATH RIVER BASIN,OR,42.1467833,-121.848686,,4061.54,18010204
11509105,"NORTH CANAL AT HIGHWAY 97, NEAR MIDLAND, OR",KLAMATH RIVER BASIN,OR,42.12138889,-121.8267528,,4080.27,18010204
11509200,"ADY CANAL AT HIGHWAY 97, NEAR WORDEN, OR",KLAMATH RIVER BASIN,OR,42.08088889,-121.8446389,,4090.0,18010204
11509250,"ADY CANAL ABOVE LOWER KLAMATH NWR, NEAR WORDEN, OR",KLAMATH RIVER BASIN,OR,42.00416667,-121.8258333,,4075.28,18010204
11509340,"KLAMATH STRAITS DRAIN NEAR WORDEN, OR",KLAMATH RIVER BASIN,OR,42.08095278,-121.8483222,,4081.72,18010204
11509500,"KLAMATH RIVER AT KENO, OR",KLAMATH RIVER BASIN,OR,42.13319946,-121.9622313,3920.0,3961.0,18010206
11510700,"KLAMATH RIVER BLW JOHN C.BOYLE PWRPLNT, NR KENO,OR",KLAMATH RIVER BASIN,OR,42.0845877,-122.0733453,4080.0,3274.82,18010206
11511990,KLAMATH R AB FALL C NR COPCO CA,KLAMATH RIVER BASIN,OR,41.973,-122.3648222,8000.0,2343.0,18010206
12010000,"NASELLE RIVER NEAR NASELLE, WA",Willapa Bay River Basins,WA,46.3739937,-123.743482,54.8,24.31,17100106
12013500,"WILLAPA RIVER NEAR WILLAPA, WA",Willapa Bay River Basins,WA,46.65093418,-123.6526584,130.0,6.92,17100106
12020000,"CHEHALIS RIVER NEAR DOTY, WA",Chehalis River Basin,WA,46.6173236,-123.277644,113.0,0.0,17100103
12020525,"ELK CREEK BELOW DEER CREEK NEAR DOTY, WA",Chehalis River Basin,WA,46.6345457,-123.2968119,58.0,0.0,17100103
12020800,"SOUTH FORK CHEHALIS RIVER NEAR WILDWOOD, WA",Chehalis River Basin,WA,46.44482815,-123.0837376,27.0,0.0,17100103
12021800,"CHEHALIS RIVER NEAR ADNA, WA",Chehalis River Basin,WA,46.6256583,-123.1018009,340.0,0.0,17100103
12024000,"SOUTH FORK NEWAUKUM RIVER NEAR ONALASKA, WA",Chehalis River Basin,WA,46.57566178,-122.6851159,42.4,0.0,17100103
12024400,"NF NEWAUKUM RIVER ABOVE BEAR CREEK NEAR FOREST, WA",Chehalis River Basin,WA,46.66732635,-122.7701209,29.6,0.0,17100103
12025000,"NEWAUKUM RIVER NEAR CHEHALIS, WA",Chehalis River Basin,WA,46.6201042,-122.945126,155.0,0.0,17100103
12025100,"CHEHALIS RIVER AT WWTP AT CHEHALIS, WA",Chehalis River Basin,WA,46.66093665,-122.9840182,618.0,0.0,17100103
12025700,"SKOOKUMCHUCK RIVER NEAR VAIL, WA",Chehalis River Basin,WA,46.77260276,-122.5940086,40.0,0.0,17100103
12026150,"SKOOKUMCHUCK RIVER BL BLDY RUN CR NR CENTRALIA, WA",Chehalis River Basin,WA,46.79010157,-122.7354019,65.9,0.0,17100103
12026400,"SKOOKUMCHUCK RIVER NEAR BUCODA, WA",Chehalis River Basin,WA,46.7720459,-122.924298,112.0,0.0,17100103
12027500,"CHEHALIS RIVER NEAR GRAND MOUND, WA",Chehalis River Basin,WA,46.7759343,-123.0356919,895.0,0.0,17100103
12028060,"CHEHALIS RIVER NEAR ROCHESTER, WA",Chehalis River Basin,WA,46.8067665,-123.1201409,957.0,0.0,17100103
12031000,"CHEHALIS RIVER AT PORTER, WA",Chehalis River Basin,WA,46.93926375,-123.3143194,1294.0,0.0,17100103
12035000,"SATSOP RIVER NEAR SATSOP, WA",Chehalis River Basin,WA,47.0006512,-123.4948838,299.0,0.0,17100104
12035100,"CHEHALIS RIVER NEAR MONTESANO, WA",Chehalis River Basin,WA,46.96231778,-123.6046072,1780.0,0.0,17100104
12035400,"WYNOOCHEE RIVER NEAR GRISDALE, WA",Wynoochee River Basin,WA,47.3803354,-123.6098648,41.3,632.59,17100104
12035450,"BIG CREEK NEAR GRISDALE, WA",Wynoochee River Basin,WA,47.37425567,-123.6368365,9.57,595.82,17100104
12036000,"WYNOOCHEE RIVER ABOVE SAVE CREEK NEAR ABERDEEN, WA",Wynoochee River Basin,WA,47.2989784,-123.6532235,74.1,403.85,17100104
12036400,"SCHAFER CREEK NEAR GRISDALE, WA",Wynoochee River Basin,WA,47.20425777,-123.6151652,12.1,290.0,17100104
12037400,"WYNOOCHEE RIVER ABOVE BLACK CREEK NR MONTESANO, WA",Wynoochee River Basin,WA,47.0114831,-123.6554417,155.0,0.0,17100104
12039005,"HUMPTULIPS RIVER BELOW HWY 101 NR HUMPTULIPS, WA",Olympic Peninsula River Basins,WA,47.23147599,-123.974063,132.0,90.0,17100105
12039500,"QUINAULT RIVER AT QUINAULT LAKE, WA",Olympic Peninsula River Basins,WA,47.4575863,-123.8893446,264.0,182.05,17100102
12039510,"COOK CREEK BLW HATCHERY NEAR QUINAULT, WA",Olympic Peninsula River Basins,WA,47.358325,-123.9939889,20.4,150.53,17100102
1203951610,"QUINAULT RIVER NEAR TAHOLAH, WA",Olympic Peninsula River Basins,WA,47.35777778,-124.1844444,412.0,72.0,17100102
12040500,"QUEETS RIVER NEAR CLEARWATER, WA",Olympic Peninsula River Basins,WA,47.5378275,-124.3157227,445.0,18.73,17100102
12041200,"HOH RIVER AT US HIGHWAY 101 NEAR FORKS, WA",Olympic Peninsula River Basins,WA,47.80674726,-124.2510329,253.0,163.64,17100101
12042800,"BOGACHIEL RIVER NEAR FORKS, WA",Olympic Peninsula River Basins,WA,47.8944194,-124.3570889,111.0,169.26,17100101
12043000,"CALAWAH RIVER NEAR FORKS, WA",Olympic Peninsula River Basins,WA,47.96007697,-124.3929872,129.0,205.04,17100101
12043015,"BOGACHIEL RIVER NEAR LA PUSH, WA",Olympic Peninsula River Basins,WA,47.90285217,-124.5454886,288.0,3.59,17100101
12043163,"TSOO-YESS RIVER BLW MILLER CREEK NEAR OZETTE, WA",Olympic Peninsula River Basins,WA,48.2653434,-124.6257923,32.0,22.91,17100101
12043300,"HOKO RIVER NEAR SEKIU, WA",Olympic Peninsula River Basins,WA,48.24146416,-124.3838328,51.2,37.29,17110021
12045500,"ELWHA RIVER AT MCDONALD BR NEAR PORT ANGELES, WA",Olympic Peninsula River Basins,WA,48.05478018,-123.5832136,269.0,204.11,17110020
12048000,"DUNGENESS RIVER NEAR SEQUIM, WA",Olympic Peninsula River Basins,WA,48.0142578,-123.1326773,156.0,565.9,17110020
12052210,"BIG QUILCENE RIVER BELOW DIVERSION NR QUILCENE, WA",Olympic Peninsula River Basins,WA,47.78450887,-122.9795778,49.4,1012.62,17110018
12054000,"DUCKABUSH RIVER NEAR BRINNON, WA",Olympic Peninsula River Basins,WA,47.68398059,-123.011551,66.5,245.22,17110018
12056500,"NF SKOKOMISH R BL STAIRCASE RPDS NR HOODSPORT, WA",Skokomish River Basin,WA,47.51425666,-123.3298868,57.2,762.26,17110017
12058790,"NF SKOKOMISH R NR LWR CUSHMAN DAM NR POTLATCH, WA",Skokomish River Basin,WA,47.3964509,-123.2034642,97.9,290.33,17110017
12059500,"NORTH FORK SKOKOMISH RIVER NEAR POTLATCH, WA",Skokomish River Basin,WA,47.32978387,-123.243186,117.0,67.73,17110017
12060500,"SOUTH FORK SKOKOMISH RIVER NEAR UNION, WA",Skokomish River Basin,WA,47.34036949,-123.2801586,76.3,105.91,17110017
12061500,"SKOKOMISH RIVER NEAR POTLATCH, WA",Skokomish River Basin,WA,47.3098151,-123.1770995,227.0,13.99,17110017
12073500,"HUGE CREEK NEAR WAUNA, WA",Puget Sound Tributary Basins,WA,47.38926205,-122.6990241,6.47,84.7,17110019
12076800,"GOLDSBOROUGH CREEK ABOVE 7TH STREET AT SHELTON, WA",Puget Sound Tributary Basins,WA,47.21176109,-123.1129292,54.9,0.0,17110019
12078500,"KENNEDY CREEK NEAR NEW KAMILCHE, WA",Undefined,WA,47.09527778,-123.0905556,18.7,0.0,17110019
12079000,"DESCHUTES RIVER NEAR RAINIER, WA",Deschutes River Basin,WA,46.85204488,-122.6687354,89.8,349.1,17110016
12080010,"DESCHUTES RIVER AT E ST BRIDGE AT TUMWATER, WA",Deschutes River Basin,WA,47.01173227,-122.9031686,162.0,65.33,17110016
12082500,"NISQUALLY RIVER NEAR NATIONAL, WA",Nisqually River Basin,WA,46.75260766,-122.0837194,133.0,1450.0,17110015
12083000,"MINERAL CREEK NEAR MINERAL, WA",Nisqually River Basin,WA,46.74424068,-122.144529,75.2,1310.34,17110015
12086000,"NISQUALLY RIVER AT LA GRANDE DAM, WA",Nisqually River Basin,WA,46.82260445,-122.30428,289.0,925.0,17110015
12086500,"NISQUALLY RIVER AT LA GRANDE, WA",Nisqually River Basin,WA,46.83927048,-122.3292809,292.0,497.0,17110015
12087000,"MASHEL RIVER NEAR LA GRANDE, WA",Nisqually River Basin,WA,46.85673885,-122.3025917,80.7,623.04,17110015
12088000,"OHOP CREEK NEAR EATONVILLE, WA",Nisqually River Basin,WA,46.88093699,-122.2790026,34.5,517.76,17110015
12089208,"CENTRALIA POWER CANAL NEAR MCKENNA, WA",Nisqually River Basin,WA,46.9001003,-122.4984532,,319.56,17110015
12089500,"NISQUALLY RIVER AT MCKENNA, WA",Nisqually River Basin,WA,46.93340268,-122.5609345,517.0,289.41,17110015
12090400,"NORTH FORK CLOVER CREEK NEAR PARKLAND, WA",Chambers Creek Basin,WA,47.1345151,-122.4151013,6.25,305.78,17110019
12090500,"CLOVER CREEK NEAR TILLICUM, WA",Chambers Creek Basin,WA,47.14590298,-122.5103822,73.8,250.02,17110019
12091100,"FLETT CREEK AT TACOMA, WA",Chambers Creek Basin,WA,47.1888583,-122.5201028,7.33,192.66,17110019
12091200,"LEACH CREEK NEAR FIRCREST, WA",Chambers Creek Basin,WA,47.22145848,-122.5092728,4.73,191.72,17110019
12091290,"LEACH CR AT MEADOW PARK GC AT UNIVERSITY PLACE, WA",Chambers Creek Basin,WA,47.1984316,-122.5209584,6.54,160.0,17110019
12091500,"CHAMBERS CREEK BL LEACH CREEK NEAR STEILACOOM, WA",Chambers Creek Basin,WA,47.1975694,-122.5287173,104.0,96.53,17110019
12092000,"PUYALLUP RIVER NEAR ELECTRON, WA",Puyallup River Basin,WA,46.9037164,-122.0351092,92.8,1636.67,17110014
12093500,"PUYALLUP RIVER NEAR ORTING, WA",Puyallup River Basin,WA,47.0392396,-122.2078708,172.0,355.6,17110014
12094000,"CARBON RIVER NEAR FAIRFAX, WA",Puyallup River Basin,WA,47.02788105,-122.0326105,78.9,1213.66,17110014
12095000,"SOUTH PRAIRIE CREEK AT SOUTH PRAIRIE, WA",Puyallup River Basin,WA,47.13954628,-122.0926135,79.5,403.5,17110014
12096500,"PUYALLUP RIVER AT ALDERTON, WA",Puyallup River Basin,WA,47.18510115,-122.2295625,438.0,4.43,17110014
12096505,"PUYALLUP RIVER AT E MAIN BRIDGE AT PUYALLUP, WA",Puyallup River Basin,WA,47.196739,-122.2509312,443.0,3.64,17110014
12096865,"HUCKLEBERRY CREEK NEAR GREENWATER, WA",Puyallup River Basin,WA,47.0603864,-121.6056517,35.1,2244.14,17110014
12097500,"GREENWATER RIVER AT GREENWATER, WA",Puyallup River Basin,WA,47.1534409,-121.6356543,73.5,1724.81,17110014
12097820,"CLEARWATER RIVER NEAR BUCKLEY, WA",Puyallup River Basin,WA,47.1275,-121.801389,34.3,1404.95,171100140402
12097850,"WHITE RIVER BELOW CLEARWATER RIVER NR BUCKLEY, WA",Puyallup River Basin,WA,47.1467703,-121.8601066,375.0,1103.6,17110014
12098500,"WHITE RIVER NEAR BUCKLEY, WA",Puyallup River Basin,WA,47.15118666,-121.94981,401.0,3.48,17110014
12098920,"WHITE RIVER FLUME AT BUCKLEY, WA",Puyallup River Basin,WA,47.1695193,-122.0120345,,661.8,17110014
12099200,"WHITE RIVER ABOVE BOISE CREEK AT BUCKLEY, WA",Puyallup River Basin,WA,47.17388889,-122.0080556,411.0,611.45,17110014
12099600,"BOISE CREEK AT BUCKLEY, WA",Puyallup River Basin,WA,47.175935,-122.0184452,15.4,632.84,17110014
12100490,"WHITE RIVER AT R STREET NEAR AUBURN, WA",Puyallup River Basin,WA,47.27479497,-122.207876,474.0,3.66,17110014
12100494,"WHITE RIVER AT ROEGNER PARK NEAR AUBURN, WA",Puyallup River Basin,WA,47.27121185,-122.2201193,474.0,,17110014
12100496,"WHITE RIVER NEAR AUBURN, WA",Puyallup River Basin,WA,47.26593409,-122.2298417,475.0,,17110014
12100498,"WHITE RIVER AT PACIFIC, WA",Puyallup River Basin,WA,47.26010078,-122.238453,476.0,,17110014
12100500,"WHITE RIVER NEAR SUMNER, WA",Puyallup River Basin,WA,47.2501008,-122.2437309,477.0,,17110014
12101100,"LAKE TAPPS DIVERSION AT DIERINGER, WA",Puyallup River Basin,WA,47.2381564,-122.2281746,,45.88,17110014
12101102,"WHITE RIVER AT 24TH ST E AT DIERINGER, WA",Puyallup River Basin,WA,47.23555556,-122.236111,479.0,45.0,17110014
12101470,"PUYALLUP RIVER AT 5TH ST BRIDGE AT PUYALLUP, WA",Puyallup River Basin,WA,47.19871179,-122.287342,943.0,,17110014
12101500,"PUYALLUP RIVER AT PUYALLUP, WA",Puyallup River Basin,WA,47.20843358,-122.3270652,948.0,3.49,17110014
12102078,"CLARKS CREEK AT STEWART AVENUE NEAR PUYALLUP, WA",Puyallup River Basin,WA,47.2009047,-122.3417673,14.9,0.0,17110014
12102190,"SWAN CREEK AT 80TH ST EAST NEAR TACOMA, WA",Puyallup River Basin,WA,47.18451529,-122.393713,2.35,391.36,17110014
12105900,"GREEN RIVER BELOW HOWARD A HANSON DAM, WA",Green/Duwamish River Basin,WA,47.2837143,-121.797885,221.0,990.0,17110013
12106700,"GREEN RIVER AT PURIFICATION PLANT NEAR PALMER, WA",Green/Duwamish River Basin,WA,47.30510257,-121.8506647,231.0,859.53,17110013
12108500,"NEWAUKUM CREEK NEAR BLACK DIAMOND, WA",Green/Duwamish River Basin,WA,47.2756564,-122.059559,27.4,310.0,17110013
12108800,"GREEN RIVER BELOW CRISP CREEK NR BLACK DIAMOND, WA",Green/Duwamish River Basin,WA,47.284833,-122.082889,312.0,0.0,171100130303
12112600,"BIG SOOS CREEK ABOVE HATCHERY NEAR AUBURN, WA",Green/Duwamish River Basin,WA,47.31232289,-122.165396,66.7,79.98,17110013
12113000,"GREEN RIVER NEAR AUBURN, WA",Green/Duwamish River Basin,WA,47.3123228,-122.2040082,399.0,,17110013
12113150,"GREEN RIVER ABOVE S 277TH ST AT KENT, WA",Green/Duwamish River Basin,WA,47.3534111,-122.2084556,,0.0,17110013
12113310,"GREEN RIVER BELOW MEEKER ST AT KENT, WA",Green/Duwamish River Basin,WA,47.3788611,-122.2688056,,0.0,17110013
12113344,"GREEN RIVER AT 200TH STREET AT KENT, WA",Green/Duwamish River Basin,WA,47.4228775,-122.2653999,451.0,0.0,17110013
12113346,"SPRINGBROOK CREEK AT ORILLIA, WA",Green/Duwamish River Basin,WA,47.43121109,-122.2276213,8.44,0.0,17110013
12113347,"MILL CREEK AT EARTHWORKS PARK AT KENT, WA",Green/Duwamish River Basin,WA,47.38315577,-122.2248429,2.49,,17110013
12113349,"MILL CREEK NEAR MOUTH AT ORILLIA, WA",Green/Duwamish River Basin,WA,47.43009988,-122.2431772,5.63,0.0,17110013
12113350,"GREEN RIVER AT TUKWILA, WA",Green/Duwamish River Basin,WA,47.46509966,-122.2484554,440.0,,17110013
12113390,"DUWAMISH RIVER AT GOLF COURSE AT TUKWILA, WA",Green/Duwamish River Basin,WA,47.4789861,-122.2587333,461.0,0.0,17110013
12113415,"DUWAMISH R AT E MARGINAL WAY BR AT DUWAMISH, WA",Green/Duwamish River Basin,WA,47.50050556,-122.2881417,483.0,0.0,17110013
12114500,"CEDAR RIVER BELOW BEAR CREEK NEAR CEDAR FALLS, WA",Cedar River Basin,WA,47.34202406,-121.5489688,25.4,1882.78,17110012
12115000,"CEDAR RIVER NEAR CEDAR FALLS, WA",Cedar River Basin,WA,47.3701073,-121.6251009,40.7,1569.82,17110012
12115500,"REX RIVER NEAR CEDAR FALLS, WA",Cedar River Basin,WA,47.35063398,-121.6631392,13.4,1727.55,17110012
12115700,"BOULDER CREEK NEAR CEDAR FALLS, WA",Cedar River Basin,WA,47.36621625,-121.6928821,4.64,1662.24,17110012
12116100,"CANYON CREEK NEAR CEDAR FALLS, WA",Cedar River Basin,WA,47.4195473,-121.7664977,0.19,1256.59,17110012
12116400,"CEDAR RIVER AT POWERPLANT AT CEDAR FALLS, WA",Cedar River Basin,WA,47.41871388,-121.781498,83.9,910.83,17110012
12116500,"CEDAR RIVER AT CEDAR FALLS, WA",Cedar River Basin,WA,47.4170215,-121.7920335,84.2,905.86,17110012
12117000,"TAYLOR CREEK NEAR SELLECK, WA",Cedar River Basin,WA,47.38646539,-121.846201,17.2,943.37,17110012
12117500,"CEDAR RIVER NEAR LANDSBURG, WA",Cedar River Basin,WA,47.39368648,-121.9545378,121.0,568.51,17110012
12117600,"CEDAR RIVER BELOW DIVERSION NEAR LANDSBURG, WA",Cedar River Basin,WA,47.3795458,-121.983448,134.0,490.0,17110012
12118400,"ROCK CREEK AT HIGHWAY 516 NEAR RAVENSDALE, WA",Cedar River Basin,WA,47.36232337,-122.0109484,11.2,559.24,17110012
12119000,"CEDAR RIVER AT RENTON, WA",Cedar River Basin,WA,47.4825999,-122.2034547,184.0,18.77,17110012
12120600,"ISSAQUAH CREEK NEAR HOBART, WA",Lake Washington Basin,WA,47.457297,-122.0050964,17.6,326.63,17110012
12121600,"ISSAQUAH CREEK NEAR MOUTH NEAR ISSAQUAH, WA",Lake Washington Basin,WA,47.55229658,-122.0478776,56.6,42.84,17110012
12131300,"BOLT CREEK AT BECKLER RIVER RD NEAR SKYKOMISH, WA",Snoqualmie/Snohomish River Basin,WA,47.72675,-121.3383694,,990.0,17110009
12131500,"SOUTH FORK SKYKOMISH RIVER AT SKYKOMISH, WA",Snoqualmie/Snohomish River Basin,WA,47.71104167,-121.3607333,243.0,900.0,17110009
12134500,"SKYKOMISH RIVER NEAR GOLD BAR, WA",Snoqualmie/Snohomish River Basin,WA,47.83732546,-121.6667809,535.0,212.91,17110009
12135000,"WALLACE RIVER AT GOLD BAR, WA",Snoqualmie/Snohomish River Basin,WA,47.8639672,-121.682596,19.0,205.9,17110009
12137290,"SOUTH FORK SULTAN RIVER NEAR SULTAN, WA",Snoqualmie/Snohomish River Basin,WA,47.94732637,-121.6267826,11.6,1454.41,17110009
12137800,"SULTAN RIVER BELOW DIVERSION DAM NEAR SULTAN, WA",Snoqualmie/Snohomish River Basin,WA,47.95926837,-121.7973447,77.1,602.36,17110009
12138160,"SULTAN RIVER BELOW POWERPLANT NEAR SULTAN, WA",Snoqualmie/Snohomish River Basin,WA,47.90732356,-121.8153994,94.2,267.0,17110009
12141300,"MIDDLE FORK SNOQUALMIE RIVER NEAR TANNER, WA",Snoqualmie/Snohomish River Basin,WA,47.48591189,-121.647864,154.0,784.61,17110010
12142000,"NF SNOQUALMIE RIVER NEAR SNOQUALMIE FALLS, WA",Snoqualmie/Snohomish River Basin,WA,47.61482536,-121.7134437,64.0,1135.0,17110010
12143400,"SF SNOQUALMIE RIVER AB ALICE CREEK NEAR GARCIA, WA",Snoqualmie/Snohomish River Basin,WA,47.4151086,-121.5873213,41.6,1441.58,17110010
12143600,"SF SNOQUALMIE RIVER AT EDGEWICK, WA",Snoqualmie/Snohomish River Basin,WA,47.45260396,-121.7178847,65.9,574.3,17110010
12143700,"BOXLEY CREEK NEAR CEDAR FALLS, WA",Snoqualmie/Snohomish River Basin,WA,47.43257747,-121.7523104,1.57,1045.08,17110010
12143900,"BOXLEY CREEK NEAR EDGEWICK, WA",Snoqualmie/Snohomish River Basin,WA,47.44871459,-121.7317744,3.64,650.0,17110010
12144000,"SF SNOQUALMIE RIVER AT NORTH BEND, WA",Snoqualmie/Snohomish River Basin,WA,47.49288017,-121.7901109,81.7,426.32,17110010
12144500,"SNOQUALMIE RIVER NEAR SNOQUALMIE, WA",Snoqualmie/Snohomish River Basin,WA,47.5450765,-121.8423157,375.0,109.05,17110010
12145500,"RAGING RIVER NEAR FALL CITY, WA",Snoqualmie/Snohomish River Basin,WA,47.53982388,-121.9090047,30.6,237.89,17110010
12147470,"NF TOLT RIVER ABOVE YELLOW CREEK NR CARNATION, WA",Snoqualmie/Snohomish River Basin,WA,47.7197222,-121.7431972,33.3,1113.34,17110010
12147600,"SOUTH FORK TOLT RIVER NEAR INDEX, WA",Snoqualmie/Snohomish River Basin,WA,47.7067714,-121.6001069,5.34,1838.84,17110010
12147680,"PHELPS CREEK BLW UNNAMED TRIB NR INDEX, WA",Snoqualmie/Snohomish River Basin,WA,47.70416389,-121.600775,,1846.07,17110010
12148000,"SOUTH FORK TOLT RIVER NEAR CARNATION, WA",Snoqualmie/Snohomish River Basin,WA,47.68926929,-121.7134457,19.7,1261.72,17110010
12148300,"SF TOLT RIVER BL REGULATING BASIN NR CARNATION, WA",Snoqualmie/Snohomish River Basin,WA,47.69676817,-121.7873379,29.6,646.84,17110010
12148500,"TOLT RIVER NEAR CARNATION, WA",Snoqualmie/Snohomish River Basin,WA,47.69565678,-121.8240056,81.4,348.0,17110010
12149000,"SNOQUALMIE RIVER NEAR CARNATION, WA",Snoqualmie/Snohomish River Basin,WA,47.66593399,-121.9253969,603.0,2.12,17110010
12150400,"SNOQUALMIE RIVER AT DUVALL, WA",Snoqualmie/Snohomish River Basin,WA,47.74315509,-121.9879004,645.0,3.58,17110010
12150800,"SNOHOMISH RIVER NEAR MONROE, WA",Snoqualmie/Snohomish River Basin,WA,47.830932,-122.048459,1537.0,17.05,17110011
12155300,"PILCHUCK RIVER NEAR SNOHOMISH, WA",Snoqualmie/Snohomish River Basin,WA,47.9348201,-122.0731848,127.0,30.0,17110011
12155500,"SNOHOMISH RIVER AT SNOHOMISH, WA",Snoqualmie/Snohomish River Basin,WA,47.911,-122.09875,1714.0,-6.43,171100110203
12157250,"MISSION CREEK NEAR TULALIP, WA",Tulalip/Mission Creek Basin,WA,48.0584056,-122.2673406,7.92,-20.05,17110019
12158010,"WEST FORK TULALIP CREEK NEAR TULALIP, WA",Tulalip/Mission Creek Basin,WA,48.0992387,-122.2909534,9.44,121.46,17110019
12158032,"EAST FORK TULALIP CREEK NEAR MOUTH NR TULALIP, WA",Tulalip/Mission Creek Basin,WA,48.0947944,-122.2781751,1.66,142.27,17110019
12158040,"TULALIP CREEK NEAR TULALIP, WA",Tulalip/Mission Creek Basin,WA,48.06840539,-122.287897,15.4,-52.92,17110019
12161000,"SF STILLAGUAMISH RIVER NEAR GRANITE FALLS, WA",Stillaguamish River Basin,WA,48.10368686,-121.9456652,119.0,313.84,17110008
12166185,"NF STILLAGUAMISH R AT C-POST BRIDGE NEAR OSO, WA",Stillaguamish River Basin,WA,48.2835861,-121.8305222,144.0,0.0,17110008
12166300,"NF STILLAGUAMISH RIVER NEAR OSO, WA",Stillaguamish River Basin,WA,48.27202778,-121.887611,161.0,0.0,17110008
12167000,"NF STILLAGUAMISH RIVER NEAR ARLINGTON, WA",Stillaguamish River Basin,WA,48.2614637,-122.0476165,262.0,93.06,17110008
12170300,"STILLAGUAMISH RIVER NEAR STANWOOD, WA",Stillaguamish River Basin,WA,48.2112101,-122.337374,662.0,0.0,17110008
12172000,"BIG BEAVER CREEK NEAR NEWHALEM, WA",Skagit River Basin,WA,48.7775862,-121.073432,63.2,1610.23,17110005
12173500,"RUBY CREEK BELOW PANTHER CREEK NEAR NEWHALEM, WA",Skagit River Basin,WA,48.7081426,-120.9773162,206.0,1646.84,17110005
12175500,"THUNDER CREEK NEAR NEWHALEM, WA",Skagit River Basin,WA,48.6726287,-121.0728964,105.0,1220.0,17110005
12177510,"STETATTLE CREEK AT DIABLO, WA",Skagit River Basin,WA,48.7171333,-121.1499389,,883.0,
12178000,"SKAGIT RIVER AT NEWHALEM, WA",Skagit River Basin,WA,48.67179229,-121.2462348,1175.0,406.2,17110005
12178100,"NEWHALEM CREEK NEAR NEWHALEM, WA",Skagit River Basin,WA,48.66012536,-121.2476233,26.9,1000.0,17110005
12178150,"NEWHALEM CREEK AT NEWHALEM, WA",Skagit River Basin,WA,48.6690143,-121.2554017,29.02,510.0,17110005
12178600,"SKAGIT RIVER BELOW BABCOCK CREEK NEAR NEWHALEM, WA",Skagit River Basin,WA,48.65913889,-121.2890278,,416.23,17110005
12178900,"SKAGIT RIVER BLW DAMNATION CRK NR MARBLEMOUNT, WA",Skagit River Basin,WA,48.6252222,-121.3398889,,393.33,17110005
12179000,"SKAGIT RIVER ABOVE ALMA CREEK NEAR MARBLEMOUNT, WA",Skagit River Basin,WA,48.60734468,-121.3615155,1274.0,362.8,17110005
12179900,"BACON CREEK BELOW OAKES CREEK NEAR MARBLEMOUNT, WA",Skagit River Basin,WA,48.6045268,-121.3995491,49.7,409.3,17110005
12180300,"SKAGIT RIVER ABV DIOBSUD CRK NEAR MARBLEMOUNT, WA",Skagit River Basin,WA,48.5608611,-121.4112778,,323.91,17110005
12180500,"DIOBSUD CREEK NEAR MARBLEMOUNT, WA",Undefined,WA,48.5609154,-121.417882,25.4,350.0,17110005
12181000,"SKAGIT RIVER AT MARBLEMOUNT, WA",Skagit River Basin,WA,48.5337306,-121.4298499,1381.0,308.64,17110005
12182500,"CASCADE RIVER AT MARBLEMOUNT, WA",Skagit River Basin,WA,48.5262307,-121.4154046,172.0,310.58,17110005
12183900,"SKAGIT RIVER AT CORKINDALE, WA",Skagit River Basin,WA,48.5087222,-121.4684722,,280.77,17110005
12184700,"SKAGIT RIVER NEAR ROCKPORT, WA",Skagit River Basin,WA,48.49258056,-121.5481622,1655.0,235.06,17110005
12184800,"SKAGIT RIVER AT ROCKPORT, WA",Skagit River Basin,WA,48.48480227,-121.5945523,,200.0,17110005
12186000,"SAUK RIVER AB WHITE CHUCK RIVER NR DARRINGTON, WA",Skagit River Basin,WA,48.16869195,-121.470652,152.0,925.45,17110006
12187985,"DOWNEY CREEK AT MOUTH NEAR DARRINGTON, WA",Skagit River Basin,WA,48.25917778,-121.2247,,1406.0,17110006
12189500,"SAUK RIVER NEAR SAUK, WA",Skagit River Basin,WA,48.42455859,-121.5684634,714.0,266.0,17110006
12189700,"SKAGIT RIVER ABOVE MILLER CREEK NEAR ROCKPORT, WA",Skagit River Basin,WA,48.48077778,-121.6513056,,199.93,17110005
12190400,"BAKER RIVER AB BLUM CREEK NEAR CONCRETE, WA",Skagit River Basin,WA,48.75397,-121.5470573,75.4,782.07,17110005
12193400,"BAKER RIVER AT HENRY THOMPSON BR AT CONCRETE, WA",Skagit River Basin,WA,48.54039255,-121.7434734,297.0,174.08,17110005
12194000,"SKAGIT RIVER NEAR CONCRETE, WA",Skagit River Basin,WA,48.52428059,-121.770974,2737.0,133.96,17110007
12194580,"FINNEY CREEK AT SOUTH SKAGIT HWY NR CONCRETE, WA",Undefined,WA,48.52164167,-121.840011,,133.0,17110007
12199000,"SKAGIT RIVER NEAR SEDRO WOOLLEY, WA",Skagit River Basin,WA,48.4839962,-122.2432123,3015.0,3.81,17110007
12200500,"SKAGIT RIVER NEAR MOUNT VERNON, WA",Skagit River Basin,WA,48.4448278,-122.3354369,3093.0,3.8,17110007
12201500,"SAMISH RIVER NEAR BURLINGTON, WA",Skagit River Basin,WA,48.54594127,-122.3382169,87.8,36.72,17110002
12201700,"CHUCKANUT CREEK NEAR BELLINGHAM, WA",Whatcom (Lake) Creek Basin,WA,48.70216667,-122.4824722,,78.0,17110004
12201950,"ANDERSON CREEK NEAR BELLINGHAM, WA",Whatcom (Lake) Creek Basin,WA,48.6737223,-122.2673823,4.13,311.83,17110004
12201960,"BRANNIAN CREEK AT S BAY DR NR WICKERSHAM, WA",Whatcom (Lake) Creek Basin,WA,48.66899978,-122.2801605,3.36,330.13,17110004
12202300,"OLSEN CREEK NEAR BELLINGHAM, WA",Whatcom (Lake) Creek Basin,WA,48.7512221,-122.3534976,3.78,309.98,17110004
12202310,"CARPENTER CREEK NEAR BELLINGHAM, WA",Whatcom (Lake) Creek Basin,WA,48.75399999,-122.354053,1.17,316.76,17110004
12202400,"EUCLID CR AT EUCLID AVE AT BELLINGHAM, WA",Whatcom (Lake) Creek Basin,WA,48.7487209,-122.4093331,0.54,324.83,17110004
12202450,"SILVER BEACH CR AT MAYNARD PL AT BELLINGHAM, WA",Whatcom (Lake) Creek Basin,WA,48.7692772,-122.4065547,1.2,318.82,17110002
12204010,"SQUALICUM CREEK NEAR MOUTH AT BELLINGHAM, WA",Whatcom (Lake) Creek Basin,WA,48.766,-122.4996667,22.88,12.28,17110004
12205000,"NF NOOKSACK RIVER BL CASCADE CREEK NR GLACIER, WA",Nooksack River Basin,WA,48.90595739,-121.8443104,105.0,1250.99,17110004
12208000,"MF NOOKSACK RIVER NEAR DEMING, WA",Nooksack River Basin,WA,48.7792828,-122.1065434,73.3,580.0,17110004
12209490,"SKOOKUM CREEK ABOVE DIVERSION NEAR WICKERSHAM, WA",Nooksack River Basin,WA,48.6728524,-122.139296,23.0,412.82,17110004
12210000,"SF NOOKSACK RIVER AT SAXON BRIDGE, WA",Nooksack River Basin,WA,48.6775743,-122.1665191,129.0,349.59,17110004
12210220,"JONES CREEK AT ACME, WA",Nooksack River Basin,WA,48.71840725,-122.2142994,2.32,327.29,17110004
12210700,"NOOKSACK RIVER AT NORTH CEDARVILLE, WA",Nooksack River Basin,WA,48.84174,-122.2943049,589.0,4.39,17110004
12210900,"ANDERSON CREEK AT SMITH ROAD NEAR GOSHEN, WA",Nooksack River Basin,WA,48.8325728,-122.3390283,8.96,198.87,17110004
12211190,"NOOKSACK R OVERFLOW AT EMERSON RD AT EVERSON, WA",Nooksack River Basin,WA,48.91339469,-122.3404367,,0.0,17110004
12211195,"NOOKSACK R OVERFLOW AT HIGHWAY 544 AT EVERSON, WA",Nooksack River Basin,WA,48.92011729,-122.3340474,,81.07,17110001
12211200,"NOOKSACK RIVER AT EVERSON, WA",Nooksack River Basin,WA,48.91789467,-122.3479369,628.0,,17110004
12211500,"NOOKSACK RIVER NEAR LYNDEN, WA",Nooksack River Basin,WA,48.9203916,-122.4857206,648.0,0.0,17110004
12212050,"FISHTRAP CREEK AT FRONT STREET AT LYNDEN, WA",Nooksack River Basin,WA,48.9386827,-122.4790353,37.8,48.93,17110004
12212390,BERTRAND CREEK AT INTERNATIONAL BOUNDARY,Nooksack River Basin,WA,49.0022935,-122.5232049,17.4,148.03,
12212430,"UNNAMED TRIB TO BERTRAND CR NR H ST NR LYNDEN, WA",Nooksack River Basin,WA,48.99812708,-122.5012597,0.9,127.81,17110004
12213100,"NOOKSACK RIVER AT FERNDALE, WA",Nooksack River Basin,WA,48.84479237,-122.5893141,786.0,8.5,17110004
12214500,"SUMAS RIVER NEAR SUMAS, WA",Sumas River Basin,WA,48.9748433,-122.2512642,31.0,41.0,17110001
12301250,"Tobacco River at Eureka, MT",Kootenai River Basin,ID,48.8779472,-115.054461,396.2,2555.12,17010101
12301933,Kootenai River bl Libby Dam nr Libby MT,Kootenai River Basin,ID,48.40066389,-115.3187194,8999.0,2100.0,17010101
12302055,Fisher River near Libby MT,Kootenai River Basin,ID,48.35560278,-115.31465,842.0,2134.1,17010102
12304500,Yaak River near Troy MT,Kootenai River Basin,ID,48.5617222,-115.9701583,792.0,1839.0,17010103
12305000,"KOOTENAI RIVER AT LEONIA, ID",Kootenai River Basin,ID,48.6168833,-116.0491944,11740.0,1794.75,17010104
12306500,MOYIE RIVER AT EASTPORT ID,Kootenai River Basin,ID,48.99916667,-116.1797222,570.0,2623.96,17010105
12308000,KOOTENAI RIVER BEL MOYIE RIVER NR BONNERS FERRY ID,Kootenai River Basin,ID,48.6993,-116.1962389,,1781.0,17010104
12309500,KOOTENAI RIVER AT BONNERS FERRY ID,Kootenai River Basin,ID,48.69805556,-116.3125,12690.0,1700.0,17010104
12321500,BOUNDARY CREEK NR PORTHILL ID,Kootenai River Basin,ID,48.9972222,-116.5691667,97.0,1768.68,17010104
12322000,KOOTENAI RIVER AT PORTHILL ID,Kootenai River Basin,ID,48.99638889,-116.5075,13700.0,1700.0,17010104
12324400,Clark Fork ab Little Blackfoot R nr Garrison MT ST,Undefined,,46.5109111,-112.789686,1130.0,4350.0,17010201
12324590,Little Blackfoot River near Garrison MT ST,Undefined,,46.5194833,-112.7931722,414.0,4347.73,17010201
12332000,Middle Fork Rock Cr nr Philipsburg MT   ST,Undefined,,46.1845694,-113.5015694,121.0,5444.08,17010202
12335100,Blackfoot R ab Nevada Cr nr Helmville MT,Undefined,,46.9187944,-113.014986,498.0,4255.36,17010203
12342500,West Fork Bitterroot River nr Conner MT ST,Undefined,,45.72482778,-114.2822944,317.0,4581.4,17010205
12344000,Bitterroot River near Darby MT  ST,Undefined,,45.97205,-114.1412333,1050.0,3942.14,17010205
12359800,S F Flathead R ab Twin C nr Hungry Horse MT,Undefined,,47.9790972,-113.5606833,1159.0,3575.0,17010209
12370000,Swan River near Bigfork,Undefined,,48.02423056,-113.9788194,672.0,3062.6,17010211
12389500,Thompson River near Thompson Falls MT,Pend Oreille River Basin,ID,47.5918583,-115.229536,638.0,2429.97,17010213
12390700,Prospect Creek at Thompson Falls MT,Pend Oreille River Basin,ID,47.5860611,-115.3551,182.0,2382.4,17010213
12391950,CLARK FORK RIVER BELOW CABINET GORGE DAM ID,Pend Oreille River Basin,ID,48.08805556,-116.0727778,22067.0,2080.36,17010213
12392155,LIGHTNING CREEK AT CLARK FORK ID,Pend Oreille River Basin,ID,48.15166667,-116.1816667,118.0,2099.32,17010213
12392300,PACK RIVER NR COLBURN ID,Pend Oreille River Basin,ID,48.42,-116.5019444,124.0,2080.08,17010214
12393000,PRIEST LAKE AT OUTLET NR COOLIN ID,Pend Oreille River Basin,ID,48.5075,-116.8869444,572.0,2438.43,17010215
12393501,"PRIEST R OUTFLOW NR COOLIN, ID",Pend Oreille River Basin,ID,48.4880333,-116.9085833,,2416.86,17010215
12395000,"Priest River near Priest River, ID",Pend Oreille River Basin,ID,48.20852,-116.9146429,902.0,2099.2,17010215
12395500,PEND OREILLE RIVER AT NEWPORT WA,Sumas River Basin,WA,48.1822222,-117.0341667,24200.0,2003.77,17010216
12396500,"PEND OREILLE RIVER BELOW BOX CANYON NEAR IONE, WA",Sumas River Basin,WA,48.7809561,-117.4163706,24900.0,1904.2,17010216
12398560,"BOUNDARY POWERPLANT TW NEAR METALINE FALLS, WA",Sumas River Basin,WA,48.98881389,-117.3496903,25200.0,,17010216
12398600,PEND OREILLE RIVER AT INTERNATIONAL BOUNDARY,Sumas River Basin,WA,48.99881409,-117.3535794,25200.0,1700.0,17010216
12399500,COLUMBIA RIVER AT INTERNATIONAL BOUNDARY,Sumas River Basin,WA,49.00074966,-117.6294206,59700.0,1202.84,17020001
12401500,"KETTLE RIVER NEAR FERRY, WA",Sumas River Basin,WA,48.98128428,-118.7664259,2200.0,1836.8,17020002
12404500,"KETTLE RIVER NEAR LAURIER, WA",Sumas River Basin,WA,48.9842824,-118.216401,3800.0,1435.22,17020002
12409000,"COLVILLE RIVER AT KETTLE FALLS, WA",Sumas River Basin,WA,48.5943461,-118.0624887,1007.0,1400.0,17020003
12411000,NF COEUR D ALENE R AB SHOSHONE CK NR PRICHARD ID,Pend Oreille River Basin,ID,47.7061111,-115.9791667,335.0,2489.15,17010301
12413000,NF COEUR D ALENE RIVER AT ENAVILLE ID,Pend Oreille River Basin,ID,47.5722,-116.2528,895.0,2179.08,17010301
12413125,"CANYON CREEK AB MOUTH AT WALLACE, ID",Pend Oreille River Basin,ID,47.4725,-115.9147222,22.0,2767.23,17010302
12413130,"NINEMILE CREEK AB MOUTH AT WALLACE, ID",Pend Oreille River Basin,ID,47.4749,-115.9227,11.6,2788.29,17010302
12413131,SF COEUR D ALENE R ABV PLACER CR AT WALLACE ID,Pend Oreille River Basin,ID,47.47518056,-115.9284444,,2720.96,17010302
12413210,SF COEUR D ALENE AT ELIZABETH PARK NR KELLOGG ID,Pend Oreille River Basin,ID,47.53138889,-116.0925,182.0,2673.16,17010302
12413355,SF COEUR D ALENE RIVER ABV PINE CR NR PINEHURST ID,Pend Oreille River Basin,ID,47.5483333,-116.2197222,207.0,2099.73,17010302
12413470,"SF Coeur D Alene River nr Pinehurst, ID",Pend Oreille River Basin,ID,47.5513111,-116.2362917,299.0,2161.97,17010302
12413500,COEUR D ALENE RIVER NR CATALDO ID,Pend Oreille River Basin,ID,47.5548222,-116.3246222,1208.0,2103.63,17010303
12413860,COEUR D ALENE RIVER NR HARRISON ID,Pend Oreille River Basin,ID,47.4786111,-116.7330556,1453.0,2103.39,17010303
12413875,"St Joe River at Red Ives Ranger Station, ID",Pend Oreille River Basin,ID,47.05602858,-115.3532001,108.0,3690.92,17010304
12414500,"ST JOE RIVER AT CALDER, ID",Pend Oreille River Basin,ID,47.2744444,-116.1888889,1025.0,2175.51,17010304
12414900,"ST MARIES RIVER NR SANTA, ID",Pend Oreille River Basin,ID,47.1761111,-116.4933333,273.0,2592.45,17010304
12415070,"ST JOE RIVER AT SAINT MARIES, ID",Pend Oreille River Basin,ID,47.3169444,-116.5547222,1725.0,2143.82,17010304
12415135,ST JOE RIVER AT RAMSDELL NR ST MARIES ID,Pend Oreille River Basin,ID,47.3522222,-116.6755556,1721.0,2099.98,17010304
12415500,COEUR D ALENE LAKE AT COEUR D ALENE ID,Pend Oreille River Basin,ID,47.666111,-116.770556,3700.0,2096.51,170103030406
12417650,SPOKANE RIVER BLW BLACKWELL NR COEUR D ALENE ID,Pend Oreille River Basin,ID,47.6947222,-116.8152778,3702.0,2099.93,17010305
12419000,"Spokane River near Post Falls, ID",Pend Oreille River Basin,ID,47.70295737,-116.9779747,3840.0,2003.0,17010305
12422000,"SPOKANE RIVER BELOW N GREENE ST AT SPOKANE, WA",Spokane River Basin,WA,47.67905905,-117.3646571,4220.0,,17010305
12422500,"Spokane River at Spokane, WA",Spokane River Basin,WA,47.6593354,-117.4491029,4290.0,1696.6,17010305
12422990,"HANGMAN CREEK AT STATE LINE ROAD NEAR TEKOA, WA",Spokane River Basin,WA,47.2026758,-117.0407304,127.0,2483.75,17010306
12424000,"Hangman Creek at Spokane, WA",Spokane River Basin,WA,47.6526688,-117.449658,689.0,1717.42,17010306
12426000,"SPOKANE RIVER BELOW NINE MILE DAM AT SPOKANE, WA",Spokane River Basin,WA,47.78044505,-117.5455016,5220.0,1550.0,17010307
12431000,"LITTLE SPOKANE RIVER AT DARTFORD, WA",Spokane River Basin,WA,47.78461388,-117.4043856,665.0,1589.71,17010308
12431500,"LITTLE SPOKANE RIVER NEAR DARTFORD, WA",Spokane River Basin,WA,47.78100099,-117.4963338,698.0,1550.0,17010308
12433200,"CHAMOKANE CREEK BELOW FALLS NEAR LONG LAKE, WA",Spokane River Basin,WA,47.8632201,-117.858294,179.0,1420.0,17010307
12434590,"SANPOIL RIVER ABOVE JACK CREEK AT KELLER, WA",Sanpoil River Basin,WA,48.08432459,-118.6914018,900.0,1400.0,17020004
12438905,"NINEMILE CREEK AT EASTLAKE RD NEAR OROVILLE, WA",Okanogan River Basin,WA,48.9703694,-119.4185194,47.1,972.0,17020006
12439500,"OKANOGAN RIVER AT OROVILLE, WA",Okanogan River Basin,WA,48.9307184,-119.4203419,3195.0,900.0,17020006
12442500,"SIMILKAMEEN RIVER NEAR NIGHTHAWK, WA",Okanogan River Basin,WA,48.98460109,-119.6184098,3550.0,1137.7,17020007
12444290,"ANTOINE CREEK AT US HWY 97 NEAR ELLISFORDE, WA",Okanogan River Basin,WA,48.7592699,-119.4092122,73.4,917.59,17020006
12444550,"BONAPARTE CREEK AT TONASKET, WA",Okanogan River Basin,WA,48.70121386,-119.442823,161.0,916.38,17020006
12445000,"OKANOGAN RIVER NEAR TONASKET, WA",Okanogan River Basin,WA,48.632375,-119.4617229,7260.0,860.78,17020006
12445500,"JOHNSON CREEK NEAR RIVERSIDE, WA",Okanogan River Basin,WA,48.4970458,-119.5261544,68.2,944.48,17020006
12445900,"OMAK CREEK NEAR OMAK, WA",Okanogan River Basin,WA,48.36704638,-119.4450378,119.0,1206.72,17020006
12446150,"NORTH FORK SALMON CREEK NEAR CONCONULLY, WA",Okanogan River Basin,WA,48.59621025,-119.7739423,36.7,2844.32,17020006
12446400,"WEST FORK SALMON CREEK NEAR CONCONULLY, WA",Okanogan River Basin,WA,48.5409324,-119.7642185,64.6,2278.58,17020006
12446995,"SALMON CREEK ABOVE DIVERSION NEAR OKANOGAN, WA",Okanogan River Basin,WA,48.40515066,-119.6217229,148.0,1398.0,17020006
12447200,"OKANOGAN RIVER AT MALOTT, WA",Okanogan River Basin,WA,48.2812606,-119.7045047,8080.0,783.55,17020006
12447285,"LOUP LOUP CREEK AT MALOTT, WA",Okanogan River Basin,WA,48.28315469,-119.7083776,64.8,803.34,17020006
12447383,"METHOW RIVER ABOVE GOAT CREEK NEAR MAZAMA, WA",Methow River Basin,WA,48.57425,-120.385861,373.0,2040.0,17020008
12447390,"ANDREWS CREEK NEAR MAZAMA, WA",Methow River Basin,WA,48.8228737,-120.1459038,22.1,4271.56,17020008
12448000,"CHEWUCH RIVER AT WINTHROP, WA",Methow River Basin,WA,48.4770898,-120.1864734,525.0,1736.26,17020008
12448500,"METHOW RIVER AT WINTHROP, WA",Methow River Basin,WA,48.4734787,-120.1773063,1007.0,1718.09,17020008
12448998,"TWISP RIVER NEAR TWISP, WA",Methow River Basin,WA,48.3698671,-120.148693,245.0,1640.0,17020008
12449500,"METHOW RIVER AT TWISP, WA",Methow River Basin,WA,48.36514507,-120.1161917,1301.0,1580.0,17020008
12449950,"METHOW RIVER NEAR PATEROS, WA",Methow River Basin,WA,48.0773639,-119.9850723,1772.0,900.0,17020008
12451000,"STEHEKIN RIVER AT STEHEKIN, WA",Lake Chelan Basin,WA,48.32958017,-120.6917668,321.0,1098.5,17020009
12452500,"CHELAN RIVER AT CHELAN, WA",Lake Chelan Basin,WA,47.83528716,-120.009638,924.0,,17020009
12452550,"CHELAN R AT HABITAT 4 CHANNEL AT CHELAN FALLS, WA",Lake Chelan Basin,WA,47.80793056,-119.9857639,,721.0,17020009
12452800,"ENTIAT RIVER NEAR ARDENVOIR, WA",Entiat River Basin,WA,47.81846178,-120.4231438,203.0,1560.97,17020010
12452890,"MAD RIVER AT ARDENVOIR, WA",Entiat River Basin,WA,47.7367943,-120.3686962,92.4,1260.0,17020010
12452990,"ENTIAT RIVER NEAR ENTIAT, WA",Entiat River Basin,WA,47.663185,-120.250634,419.0,731.84,17020010
12453690,"ROCKY REACH DAM TW UNIT 10 NEAR WENATCHEE, WA",Undefined,WA,47.5331479,-120.3011571,87800.0,3.64,17020010
12456500,"CHIWAWA RIVER NEAR PLAIN, WA",Wenatchee River Basin,WA,47.8373111,-120.6622862,170.0,2097.25,17020011
12457000,"WENATCHEE RIVER AT PLAIN, WA",Wenatchee River Basin,WA,47.76286656,-120.6661735,591.0,1808.87,17020011
12458000,"ICICLE CREEK ABOVE SNOW CREEK NEAR LEAVENWORTH, WA",Wenatchee River Basin,WA,47.54092147,-120.720059,193.0,1414.27,17020011
12459000,"WENATCHEE RIVER AT PESHASTIN, WA",Wenatchee River Basin,WA,47.5831447,-120.6195014,1000.0,1031.71,17020011
12462500,"WENATCHEE RIVER AT MONITOR, WA",Wenatchee River Basin,WA,47.4992578,-120.4244935,1301.0,689.65,17020011
12462560,"ROCK ISLAND PP TW UNIT 1 NEAR WENATCHEE, WA",Undefined,WA,47.3456849,-120.0914494,89400.0,,17020010
12464800,"COAL CREEK AT MOHLER, WA",Crab Creek Basin,WA,47.4068192,-118.3188652,64.7,2000.0,17020013
12465000,"CRAB CREEK AT IRBY, WA",Crab Creek Basin,WA,47.36038447,-118.8499972,1042.0,1386.3,17020013
12465400,"WILSON CREEK BELOW CORBETT DRAW NEAR ALMIRA, WA",Crab Creek Basin,WA,47.6629263,-118.9305666,327.0,1670.0,17020013
12466015,"CRAB CREEK NEAR STRATFORD, WA",Crab Creek Basin,WA,47.428039,-119.202194,1818.0,1260.0,170200130806
12467000,"CRAB CREEK NEAR MOSES LAKE, WA",Crab Creek Basin,WA,47.1893085,-119.265855,2228.0,1070.39,17020015
12472600,"CRAB CREEK NEAR BEVERLY, WA",Crab Creek Basin,WA,46.8298196,-119.8311276,4840.0,504.51,17020015
12472800,"COLUMBIA RIVER BELOW PRIEST RAPIDS DAM, WA",Main Stem Columbia River Basin,WA,46.6287084,-119.8647355,96000.0,393.38,17020016
12484500,"YAKIMA RIVER AT UMTANUM, WA",Yakima River Basin,WA,46.8626264,-120.480067,1594.0,1300.0,17030001
12488500,"AMERICAN RIVER NEAR NILE, WA",Yakima River Basin,WA,46.97761606,-121.168696,78.9,2700.0,17030002
12500450,"YAKIMA RIVER ABOVE AHTANUM CREEK AT UNION GAP, WA",Yakima River Basin,WA,46.53425817,-120.4672519,3479.0,903.42,17030003
12502500,"AHTANUM CREEK AT UNION GAP, WA",Yakima River Basin,WA,46.53596038,-120.4733968,173.0,940.0,17030003
12505450,"GRANGER DRAIN AT GRANGER, WA",Yakima River Basin,WA,46.34346299,-120.186995,,714.19,17030003
12506000,"TOPPENISH CREEK NEAR FORT SIMCOE, WA",Yakima River Basin,WA,46.3109589,-120.788125,122.0,1306.0,17030003
12507573,"YAKIMA RIVER AT RM 73.8 NEAR EMERALD, WA",Yakima River Basin,WA,46.2852222,-120.0919944,,651.5,17030003
12508990,"YAKIMA RIVER AT MABTON, WA",Yakima River Basin,WA,46.23120786,-119.9994537,5359.0,635.12,17030003
12510500,"YAKIMA RIVER AT KIONA, WA",Yakima River Basin,WA,46.25346748,-119.4780794,5615.0,454.41,17030003
12513000,"ESQUATZEL COULEE AT CONNELL, WA",Esquatzel Coulee Basin,WA,46.66347327,-118.863334,234.0,820.0,17020016
13010065,SNAKE RIVER AB JACKSON LAKE AT FLAGG RANCH WY,UPPER SNAKE RIVER BASIN,ID,44.09888889,-110.6675,486.0,6801.61,17040101
13011000,"SNAKE RIVER NEAR MORAN, WY",UPPER SNAKE RIVER BASIN,ID,43.85851819,-110.5866219,807.0,6727.84,17040101
13011500,"PACIFIC CREEK AT MORAN, WY",UPPER SNAKE RIVER BASIN,ID,43.851111,-110.516389,169.0,6740.0,170401010304
13011900,BUFFALO FORK AB LAVA CREEK NR MORAN WY,UPPER SNAKE RIVER BASIN,ID,43.83805556,-110.4408333,330.0,6772.78,17040101
13013650,"SNAKE RIVER AT MOOSE, WY",UPPER SNAKE RIVER BASIN,ID,43.65405556,-110.7154722,1674.0,6450.0,17040101
13015000,"GROS VENTRE RIVER AT ZENITH, WY",UPPER SNAKE RIVER BASIN,ID,43.5572222,-110.7627778,683.0,6316.0,17040102
13018750,"SNAKE RIVER BELOW FLAT CREEK, NEAR JACKSON, WY",UPPER SNAKE RIVER BASIN,ID,43.3722222,-110.7386111,2672.0,5956.0,17040103
13019500,HOBACK RIVER NEAR JACKSON,Undefined,,43.30527778,-110.6801944,563.0,5987.0,17040103
13022500,"SNAKE RIVER ABOVE RESERVOIR, NEAR ALPINE, WY",UPPER SNAKE RIVER BASIN,ID,43.1961111,-110.8894444,3465.0,5717.0,17040103
13023000,"GREYS RIVER ABOVE RESERVOIR, NEAR ALPINE, WY",UPPER SNAKE RIVER BASIN,ID,43.14305556,-110.9769444,448.0,5729.0,17040103
13027500,"SALT RIVER ABOVE RESERVOIR, NEAR ETNA, WY",UPPER SNAKE RIVER BASIN,ID,43.0797222,-111.0372222,856.0,5679.56,17040105
13032500,SNAKE RIVER NR IRWIN ID,UPPER SNAKE RIVER BASIN,ID,43.3508333,-111.2188889,5225.0,5356.67,17040104
13037500,SNAKE RIVER NR HEISE ID,UPPER SNAKE RIVER BASIN,ID,43.6125,-111.66,5752.0,5018.09,17040104
13038000,DRY BED NR RIRIE ID,UPPER SNAKE RIVER BASIN,ID,43.63888889,-111.716111,,4978.55,17040201
13038500,SNAKE RIVER AT LORENZO ID,UPPER SNAKE RIVER BASIN,ID,43.73527778,-111.87805556,5810.0,4844.89,170402010102
13039000,HENRYS LAKE NR LAKE ID,Henrys Fork Basin,ID,44.5972222,-111.353611,94.3,6462.71,17040202
13039500,HENRYS FORK NR LAKE ID,Henrys Fork Basin,ID,44.5944444,-111.3497222,94.6,6451.38,17040202
13040500,Big Springs At Big Springs ID,Henrys Fork Basin,ID,44.4993666,-111.2563372,,6397.0,17040202
13042500,HENRYS FORK NR ISLAND PARK ID,Henrys Fork Basin,ID,44.41666667,-111.3947222,501.0,6227.51,17040202
13046000,HENRYS FORK NR ASHTON ID,Henrys Fork Basin,ID,44.0697222,-111.5105556,1097.0,5093.49,17040203
13046995,FALL RIVER AB YELLOWSTONE CANAL NR SQUIRREL ID,Henrys Fork Basin,ID,44.06194444,-111.1519444,323.0,5747.88,17040203
13047500,FALL RIVER NR SQUIRREL ID,Henrys Fork Basin,ID,44.0686111,-111.2413889,329.0,5582.57,17040203
13047600,FALL RIVER NR ASHTON ID,Henrys Fork Basin,ID,44.0561111,-111.358611,337.0,5335.3,17040203
13049500,FALL RIVER NR CHESTER ID,Henrys Fork Basin,ID,44.0183333,-111.5666667,503.0,5054.47,17040203
13050500,HENRYS FORK AT ST ANTHONY ID,Henrys Fork Basin,ID,43.96694444,-111.6725,1770.0,4953.19,17040203
13052200,TETON RIVER AB SOUTH LEIGH CREEK NR DRIGGS ID,Henrys Fork Basin,ID,43.78194444,-111.2091667,337.0,5956.29,17040204
13055000,TETON RIVER NR ST ANTHONY ID,Henrys Fork Basin,ID,43.9272222,-111.6138889,876.0,4972.54,17040204
13055250,NF TETON RIVER NR SUGAR CITY ID,Henrys Fork Basin,ID,43.8875,-111.7577778,,4884.47,17040204
13055340,SF TETON RIVER NEAR REXBURG ID,Henrys Fork Basin,ID,43.835,-111.7777778,1070.0,4854.09,17040204
13056500,HENRYS FORK NR REXBURG ID,Henrys Fork Basin,ID,43.8258333,-111.905,2920.0,4809.56,17040203
13057000,SNAKE RIVER NR MENAN ID,MIDDLE SNAKE RIVER BASIN,ID,43.75277778,-111.9791667,,4794.8,17040201
13057132,GREAT WESTERN SPILLBACK NR IDAHO FALLS ID,MIDDLE SNAKE RIVER BASIN,ID,43.6008333,-112.0619444,,4746.02,17040201
13057155,SNAKE RIVER AB EAGLE ROCK NR IDAHO FALLS ID,MIDDLE SNAKE RIVER BASIN,ID,43.6047222,-112.058611,9533.0,4733.21,17040201
13057940,WILLOW CREEK BL TEX CREEK NR RIRIE ID,MIDDLE SNAKE RIVER BASIN,ID,43.44194444,-111.7283333,568.0,5152.46,17040205
13058000,WILLOW CREEK NR RIRIE ID,MIDDLE SNAKE RIVER BASIN,ID,43.5833333,-111.746111,627.0,4948.24,17040205
13058510,SAND CREEK NEAR UCON ID,MIDDLE SNAKE RIVER BASIN,ID,43.57416667,-111.895,,4848.56,17040207
13058520,WILLOW CREEK FLOODWAY CHANNEL NR UCON ID,MIDDLE SNAKE RIVER BASIN,ID,43.57638889,-111.9130556,,4840.0,17040201
13058529,WILLOW CR FLOODWAY CHANNEL AT MOUTH NR ID FALLS ID,MIDDLE SNAKE RIVER BASIN,ID,43.5747222,-112.0480556,,4729.48,17040201
13058530,WILLOW CREEK BLW FLOODWAY CHANNEL NR UCON ID,MIDDLE SNAKE RIVER BASIN,ID,43.5758333,-111.9119444,,4834.96,17040205
13060000,SNAKE RIVER NR SHELLEY ID,MIDDLE SNAKE RIVER BASIN,ID,43.41305556,-112.135,9790.0,4601.73,17040206
13062500,SNAKE RIVER AT BLACKFOOT ID,MIDDLE SNAKE RIVER BASIN,ID,43.1975,-112.3691667,9950.0,4469.81,17040206
13063000,BLACKFOOT RIVER AB RESERVOIR NR HENRY ID,MIDDLE SNAKE RIVER BASIN,ID,42.81527778,-111.5066667,333.0,6263.21,17040207
13066000,BLACKFOOT RIVER NR SHELLEY ID,MIDDLE SNAKE RIVER BASIN,ID,43.26277778,-112.0477778,897.0,4645.56,17040207
13068495,BLACKFOOT RIVER BYPASS NR BLACKFOOT ID,MIDDLE SNAKE RIVER BASIN,ID,43.1708333,-112.3877778,,4466.81,17040207
13068500,BLACKFOOT RIVER NR BLACKFOOT ID,MIDDLE SNAKE RIVER BASIN,ID,43.13055556,-112.4766667,1295.0,4418.8,17040207
13068501,BLACKFOOT RIVER AND BYPASS CHANNEL NR BLACKFOOT ID,MIDDLE SNAKE RIVER BASIN,ID,43.13047008,-112.4772036,1295.0,4426.0,17040207
13069500,SNAKE RIVER NR BLACKFOOT ID,MIDDLE SNAKE RIVER BASIN,ID,43.12527778,-112.5188889,11310.0,4402.34,17040206
13071010,"Portneuf R. abv Toponce Rd, nr Chesterfield, Id",MIDDLE SNAKE RIVER BASIN,ID,42.86974722,-111.93421111,92.0,5327.36,170402080105
13073000,PORTNEUF RIVER AT TOPAZ ID,MIDDLE SNAKE RIVER BASIN,ID,42.6247222,-112.0880556,576.0,4921.77,17040208
13074400,"Portneuf R. at Inkom, ID",MIDDLE SNAKE RIVER BASIN,ID,42.79183333,-112.25206944,1065.0,4529.0,170402080503
13075000,MARSH CREEK NR MCCAMMON ID,MIDDLE SNAKE RIVER BASIN,ID,42.63,-112.2255556,353.0,4610.3,17040208
13075500,PORTNEUF RIVER AT POCATELLO ID,MIDDLE SNAKE RIVER BASIN,ID,42.87166667,-112.4680556,1256.0,4421.48,17040208
13075910,PORTNEUF RIVER NR TYHEE ID,MIDDLE SNAKE RIVER BASIN,ID,42.9447222,-112.5444444,1305.0,4366.58,17040208
13075983,SPRING CREEK AT SHEEPSKIN RD NR FORT HALL ID,MIDDLE SNAKE RIVER BASIN,ID,43.0425,-112.55,18.0,4370.95,17040208
13077000,SNAKE RIVER AT NEELEY ID,MIDDLE SNAKE RIVER BASIN,ID,42.7675,-112.8794444,13600.0,4244.42,17040209
13078000,RAFT RIVER AB ONEMILE CREEK NR MALTA ID,MIDDLE SNAKE RIVER BASIN,ID,42.0636111,-113.4513889,409.0,4952.99,17040210
13079300,"CASSIA CREEK BELOW BLACKSMITH CK, ID",MIDDLE SNAKE RIVER BASIN,ID,42.27766944,-113.4963417,,4862.66,17040210
13081500,SNAKE R NR MINIDOKA ID AT HOWELLS FERRY,MIDDLE SNAKE RIVER BASIN,ID,42.67277778,-113.5002778,15700.0,4134.64,17040209
13082500,GOOSE CREEK AB TRAPPER CREEK NR OAKLEY ID,Goose Creek Basin,ID,42.1261111,-113.9355556,631.0,4762.23,17040211
13083000,TRAPPER CREEK NR OAKLEY ID,Goose Creek Basin,ID,42.1658333,-113.983611,52.0,4825.1,17040211
13087900,MILNER LAKE AT MILNER DAM ID,MIDDLE SNAKE RIVER BASIN,ID,42.52305556,-114.0133333,17180.0,4125.35,17040209
13087995,SNAKE RIVER GAGING STATION AT MILNER ID,MIDDLE SNAKE RIVER BASIN,ID,42.52805556,-114.0183333,,4065.75,17040212
13089500,DEVILS WASHBOWL SPRING NR KIMBERLY 10S 18E 04AAD1S,MIDDLE SNAKE RIVER BASIN,ID,42.5897222,-114.3469444,0.22,3540.0,17040212
13090500,SNAKE RIVER NR TWIN FALLS ID,MIDDLE SNAKE RIVER BASIN,ID,42.6061111,-114.4763889,22360.0,3133.33,17040212
13092747,ROCK CREEK AB HWY 30/93 XING AT TWIN FALLS ID,MIDDLE SNAKE RIVER BASIN,ID,42.5625,-114.4947222,259.0,3630.0,17040212
13093383,"SNAKE RIVER AT PIGEON COVE NR TWIN FALLS, ID",MIDDLE SNAKE RIVER BASIN,ID,42.6518222,-114.6287528,22830.0,2888.6,17040212
13094000,SNAKE RIVER NR BUHL ID,MIDDLE SNAKE RIVER BASIN,ID,42.6658333,-114.7122222,22990.0,2960.27,17040212
13095175,BRIGGS SPRING AT HEAD NEAR BUHL ID,MIDDLE SNAKE RIVER BASIN,ID,42.67388889,-114.8091667,,3002.94,17040212
13095500,BOX CANYON SPRINGS NR WENDELL ID,MIDDLE SNAKE RIVER BASIN,ID,42.7075,-114.8102778,,2987.29,17040212
13105000,SALMON FALLS CREEK NR SAN JACINTO NV,Salmon Falls Creek Basin,ID,41.9447222,-114.688611,1401.0,5105.52,17040213
13106500,SALMON RIVER CANAL CO RES NR ROGERSON ID,Salmon Falls Creek Basin,ID,42.2122222,-114.7333333,1610.0,,17040213
13108150,SALMON FALLS CREEK NR HAGERMAN ID,Salmon Falls Creek Basin,ID,42.69638889,-114.8552778,2180.0,2893.7,17040213
13112000,CAMAS CREEK AT CAMAS ID,Mud Lake-Lost Rivers Basins,ID,44.00277778,-112.221111,384.0,4807.15,17040214
13115000,MUD LAKE NR TERRETON ID,Mud Lake-Lost Rivers Basins,ID,43.8897222,-112.3580556,1130.0,4777.6,17040214
13116500,MEDICINE LODGE CREEK NR SMALL ID,Mud Lake-Lost Rivers Basins,ID,44.25916667,-112.4102778,261.0,5461.67,17040215
13118700,LITTLE LOST RIVER BL WET CREEK NR HOWE ID,Mud Lake-Lost Rivers Basins,ID,44.1386111,-113.2452778,436.0,5877.36,17040217
13118975,LITTLE LOST RIVER AB FLOOD DIVERSION NR HOWE ID,Mud Lake-Lost Rivers Basins,ID,43.884825,-113.0970083,,5062.79,17040217
13119000,"LITTLE LOST RIVER NR HOWE, ID",Mud Lake-Lost Rivers Basins,ID,43.87027778,-113.0880556,697.0,5025.7,17040217
13120000,NF BIG LOST RIVER AT WILD HORSE NR CHILLY ID,Mud Lake-Lost Rivers Basins,ID,43.93277778,-114.11388889,115.0,6861.97,170402180304
13120500,BIG LOST RIVER AT HOWELL RANCH NR CHILLY ID,Mud Lake-Lost Rivers Basins,ID,43.9983333,-114.021111,440.0,6626.34,17040218
13122000,THOUSAND SPRINGS CREEK NR CHILLY ID,Mud Lake-Lost Rivers Basins,ID,44.06666667,-113.8402778,145.0,6262.04,17040218
13124265,WARM SPRINGS CREEK BELOW DIVERSION NR MACKAY ID,Mud Lake-Lost Rivers Basins,ID,43.98513889,-113.7990833,53.0,6141.73,17040218
13126000,MACKAY RES NR MACKAY ID,Mud Lake-Lost Rivers Basins,ID,43.95138889,-113.675,797.0,6004.63,17040218
13127000,BIG LOST RIVER BL MACKAY RES NR MACKAY ID,Mud Lake-Lost Rivers Basins,ID,43.93916667,-113.6483333,801.0,5950.58,17040218
13128900,LOWER CEDAR CREEK AB DIVS NR MACKAY ID,Mud Lake-Lost Rivers Basins,ID,43.96694444,-113.5777778,8.29,6823.14,17040218
13130300,BIG LOST RIVER NR LESLIE ID,Mud Lake-Lost Rivers Basins,ID,43.859375,-113.4666694,900.0,5674.78,17040218
13131000,"ANTELOPE CREEK NR DARLINGTON, ID",Mud Lake-Lost Rivers Basins,ID,43.7336111,-113.5147222,218.0,5873.99,17040218
13132100,BIG LOST RIVER BELOW MOORE DIV NR MOORE ID,Mud Lake-Lost Rivers Basins,ID,43.7843611,-113.3608889,1325.0,5520.64,17040218
13132373,BIG LOST RIVER AT ARCO AT SUNSET ROAD ID,Mud Lake-Lost Rivers Basins,ID,43.63819444,-113.3265,1348.0,5322.34,17040218
13132500,BIG LOST RIVER NR ARCO ID,Mud Lake-Lost Rivers Basins,ID,43.5822222,-113.2705556,1410.0,5239.79,17040218
13132513,INL DIVERSION AT HEAD NEAR ARCO ID,Mud Lake-Lost Rivers Basins,ID,43.5136111,-113.0838889,,5003.05,17040218
13132520,BIG LOST RIVER BL INL DIV NEAR ARCO ID,Mud Lake-Lost Rivers Basins,ID,43.5158333,-113.0819444,,5003.01,17040218
13132535,BIG LOST R AT LINCOLN BLVD BRIDGE NR ATOMIC CITY,Mud Lake-Lost Rivers Basins,ID,43.57440278,-112.9421167,,4902.07,17040218
13132565,BIG LOST RIVER AB BIG LOST RIVER SINKS NR HOWE ID,Mud Lake-Lost Rivers Basins,ID,43.7233333,-112.875,,4804.22,17040218
13135500,BIG WOOD RIVER NR KETCHUM ID,Malad River Basin,ID,43.78626389,-114.4250556,137.0,6225.02,17040219
13135520,NF BIG WOOD RIVER NR SAWTOOTH NRA HQ NR KETCHUM ID,Malad River Basin,ID,43.7861111,-114.4191667,40.0,6229.26,17040219
13136550,"WARM SPRINGS CR AT GATES RD NR KETCHUM, ID",Malad River Basin,ID,43.6830972,-114.4055167,,5881.79,17040219
13137000,WARM SPRINGS CREEK NEAR KETCHUM ID,Malad River Basin,ID,43.689722,-114.384722,94.3,5811.26,170402190204
13137300,"TRAIL CREEK NR SUN VALLEY, ID",Malad River Basin,ID,43.72319444,-114.3243806,56.7,6068.07,17040219
13137500,TRAIL CREEK AT KETCHUM ID,Malad River Basin,ID,43.67421667,-114.362261,64.3,5773.39,17040219
13138000,EAST FORK BIG WOOD RIVER AT GIMLET ID,Malad River Basin,ID,43.60305556,-114.3302778,86.1,5621.74,17040219
13139510,BIG WOOD RIVER AT HAILEY ID TOTAL FLOW,Malad River Basin,ID,43.5172222,-114.3216667,614.0,5298.73,17040219
13140335,"BIG WOOD R AT S BROADFORD BRIDGE NR BELLEVUE, ID",Malad River Basin,ID,43.4679833,-114.2677389,695.0,5152.37,17040219
13140800,BIG WOOD RIVER AT STANTON CROSSING NR BELLEVUE ID,Malad River Basin,ID,43.329167,-114.319167,748.0,4827.9,170402190604
13141500,CAMAS CREEK NR BLAINE ID,Malad River Basin,ID,43.33277778,-114.5419444,626.0,4870.0,17040220
13142500,BIG WOOD RIVER BL MAGIC DAM NR RICHFIELD ID,Malad River Basin,ID,43.24805556,-114.3566667,1611.0,4661.6,17040219
13147900,LITTLE WOOD RIVER AB HIGH FIVE CREEK NR CAREY ID,Malad River Basin,ID,43.49305556,-114.0572222,248.0,5310.76,17040221
13148500,LITTLE WOOD RIVER NR CAREY ID,Malad River Basin,ID,43.39,-113.9997222,310.0,4991.82,17040221
13150430,SILVER CREEK AT SPORTSMAN ACCESS NR PICABO ID,Malad River Basin,ID,43.3233611,-114.10835,70.0,4834.45,17040221
131504301,Silver Ck near West Campground,Malad River Basin,ID,43.3251111,-114.106436,,4830.06,17040221
13152500,MALAD RIVER NR GOODING ID,Malad River Basin,ID,42.88638889,-114.8030556,2990.0,3344.39,17040219
13154500,SNAKE RIVER AT KING HILL ID,MIDDLE SNAKE RIVER BASIN,ID,43.0022222,-115.2025,35800.0,2495.13,17050101
13159800,CANYON CR AT OREGON TRAIL XING NR MOUNTAIN HOME ID,MIDDLE SNAKE RIVER BASIN,ID,43.2611111,-115.7025,70.5,3541.67,17050101
13161500,"BRUNEAU RV AT ROWLAND, NV",Bruneau River Basin,ID,41.9332368,-115.6745268,382.0,4500.0,17050102
13161930,"BIG JACKS CREEK AT PARKER TRAIL NR GRASMERE, ID",Owyhee River Basin,ID,42.593889,-115.993889,,4305.66,170501021406
13162225,"JARBIDGE RV BLW JARBIDGE, NV",Bruneau River Basin,ID,41.8904614,-115.4286816,30.6,6050.0,17050102
13168500,BRUNEAU RIVER NR HOT SPRING ID,Bruneau River Basin,ID,42.7711111,-115.7202778,2686.0,2598.5,17050102
13171500,CJ STRIKE RES NR GRAND VIEW ID,MIDDLE SNAKE RIVER BASIN,ID,42.9436111,-115.975,40800.0,2402.7,17050103
13172500,SNAKE RIVER NR MURPHY ID,LOWER SNAKE RIVER BASIN,ID,43.25481389,-116.3906389,41900.0,2265.52,17050103
13176400,"EF OWYHEE RIVER AT CRUTCHER CROSSING, ID",Owyhee River Basin,ID,42.26136944,-116.8684417,2140.0,4253.65,17050104
13181000,OWYHEE RIVER NR ROME OR,Owyhee River Basin,ID,42.86638889,-117.6491667,8000.0,3347.47,17050107
13183000,"OWYHEE RIVER BELOW OWYHEE DAM, OR",Owyhee River Basin,ID,43.65444444,-117.2558333,11160.0,2346.22,17050110
13185000,BOISE RIVER NR TWIN SPRINGS ID,Boise River Basin,ID,43.66805556,-115.7252778,832.0,3274.96,17050112
13186000,SF BOISE RIVER NR FEATHERVILLE ID,Boise River Basin,ID,43.4958333,-115.3080556,641.0,4222.39,17050113
13190500,SF BOISE RIVER AT ANDERSON RANCH DAM ID,Boise River Basin,ID,43.3436111,-115.4775,978.0,3833.07,17050113
13192200,SF BOISE RIVER AT NEAL BRIDGE NR ARROWROCK DAM ID,Boise River Basin,ID,43.55055556,-115.7219444,1172.0,,17050113
13200000,MORES CREEK AB ROBIE CREEK NR ARROWROCK DAM ID,Boise River Basin,ID,43.64805556,-115.9897222,397.0,3077.83,17050112
13201500,LUCKY PEAK LAKE NR BOISE ID,Boise River Basin,ID,43.52555556,-116.0552778,2686.0,,17050112
13206000,BOISE RIVER AT GLENWOOD BRIDGE NR BOISE ID,Boise River Basin,ID,43.66055556,-116.2791667,2773.0,2603.02,17050114
13206305,BOISE RIVER SOUTH CHANNEL AT EAGLE ID,Boise River Basin,ID,43.675278,-116.353611,2778.0,2552.83,170501140404
13206400,"EAGLE DRAIN AT EAGLE, ID",Boise River Basin,ID,43.691667,-116.356389,13.84,2538.16,170501140404
13210045,"Boise R near Middleton, ID",Boise River Basin,ID,43.681756,-116.558706,,2419.44,170501140410
13210810,"FIFTEENMILE CREEK NR MIDLAND BLVD NR MIDDLETON, ID",Boise River Basin,ID,43.67405,-116.585411,180.0,2413.4,170501140205
13210824,N MIDDLETON DRAIN MILL SLOUGH AT MIDDLETON ID,Boise River Basin,ID,43.70655,-116.618192,63.0,2387.3,170501140410
13210831,SOUTH MIDDLETON DRAIN AT MIDDLETON ID,Boise River Basin,ID,43.702106,-116.618192,4.5,2389.92,170501140410
13210980,MASON CREEK AT CALDWELL ID,Boise River Basin,ID,43.68321667,-116.6631917,4.7,2365.59,17050114
13210986,W HARTLEY GULCH NR CALDWELL ID,Boise River Basin,ID,43.699606,-116.685694,26.8,2363.71,170501140409
132109867,"EAST HARTLEY ABV BACKWATER NR CALDWELL, ID",Boise River Basin,ID,43.700306,-116.673178,,2359.42,170501140409
13211205,"BOISE RIVER AT CALDWELL, ID",Boise River Basin,ID,43.67735278,-116.7011306,3363.0,2337.11,17050114
13211210,"BOISE RIVER ABV INDIAN CREEK AT CALDWELL, ID",Boise River Basin,ID,43.67776944,-116.7054944,,2347.0,17050114
13212549,"CONWAY GULCH BELOW 1ST ST AT NOTUS, ID",Boise River Basin,ID,43.728031,-116.799722,12.33,2308.37,170501140803
13212890,DIXIE DRAIN NR WILDER ID,Boise River Basin,ID,43.730717,-116.889317,,2252.96,170501140802
13213000,BOISE RIVER NR PARMA ID,Boise River Basin,ID,43.78166667,-116.9727778,3906.0,2199.46,17050114
13213072,SAND RUN GULCH NR PARMA ID,Boise River Basin,ID,43.799606,-116.975711,89.0,2197.39,170501140704
13213100,SNAKE RIVER AT NYSSA OR,LOWER SNAKE RIVER BASIN,ID,43.8761111,-116.9825,58700.0,2160.53,17050115
13215480,"SOUTH FORK MALHEUR RIVER NR RIVERSIDE, OR",Malheur River Basin - eastern OR,ID,43.5190833,-118.1750583,697.0,3309.72,17050116
13233300,MALHEUR RIVER BELOW NEVADA DAM NEAR VALE OR,Malheur River Basin - eastern OR,ID,43.9875,-117.2188889,3880.0,2210.7,17050117
13235000,"SOUTH FORK PAYETTE RIVER AT LOWMAN, ID",Payette River Basin,ID,44.08527778,-115.6222222,446.0,3770.0,17050120
13236500,DEADWOOD RIVER BL DEADWOOD RES NR LOWMAN ID,Payette River Basin,ID,44.29194444,-115.6419444,109.0,5180.52,17050120
13237920,MIDDLE FORK PAYETTE RIVER NR CROUCH ID,Payette River Basin,ID,44.1086111,-115.9822222,337.0,3001.68,17050121
13238500,PAYETTE LAKE AT MCCALL ID,Payette River Basin,ID,44.9122222,-116.1191667,144.0,4981.73,17050123
13239000,NF PAYETTE RIVER AT MCCALL ID,Payette River Basin,ID,44.9072222,-116.1191667,144.0,4971.82,17050123
13240000,LAKE FORK PAYETTE RIVER AB JUMBO CR NR MCCALL ID,Payette River Basin,ID,44.9136111,-115.9972222,48.9,5140.0,17050123
13246000,NF PAYETTE RIVER NR BANKS ID,Payette River Basin,ID,44.11416667,-116.1072222,921.0,3084.61,17050123
13247500,PAYETTE RIVER NR HORSESHOE BEND ID,Payette River Basin,ID,43.943333,-116.196667,2220.0,2628.69,170501220107
13249500,PAYETTE RIVER NR EMMETT ID,Payette River Basin,ID,43.93055556,-116.4427778,2730.0,2400.32,17050122
13250000,PAYETTE RIVER NR LETHA ID,Payette River Basin,ID,43.90171944,-116.63329722,2760.0,2274.75,170501220903
13251000,PAYETTE RIVER NR PAYETTE ID,Payette River Basin,ID,44.042222,-116.925278,3240.0,2142.06,170501220905
13258500,WEISER RIVER NR CAMBRIDGE ID,Weiser River Basin,ID,44.5794444,-116.6433333,597.0,2647.64,17050124
13265500,CRANE CREEK AT MOUTH NR WEISER ID,Weiser River Basin,ID,44.2918111,-116.7826306,288.0,2243.79,17050124
13266000,WEISER RIVER NR WEISER ID,Weiser River Basin,ID,44.27,-116.7722222,1450.0,2208.9,17050124
13269000,SNAKE RIVER AT WEISER ID,LOWER SNAKE RIVER BASIN,ID,44.24555556,-116.9808333,69200.0,2089.52,17050201
13290450,SNAKE RIVER AT HELLS CANYON DAM ID-OR STATE LINE,LOWER SNAKE RIVER BASIN,ID,45.2544444,-116.6969444,73300.0,1435.0,17060101
13295000,VALLEY CREEK AT STANLEY ID,Salmon River Basin,ID,44.2225,-114.931111,147.0,6221.81,17060201
13296000,YANKEE FORK SALMON RIVER NR CLAYTON ID,Salmon River Basin,ID,44.27888889,-114.7338889,189.0,5950.0,17060201
13296500,SALMON RIVER BL YANKEE FORK NR CLAYTON ID,Salmon River Basin,ID,44.2683333,-114.7327778,807.0,5900.0,17060201
13297330,THOMPSON CREEK NR CLAYTON ID,Salmon River Basin,ID,44.27027778,-114.5166667,29.1,5700.0,17060201
13297350,BRUNO CREEK NR CLAYTON ID,Salmon River Basin,ID,44.2975,-114.4813889,6.29,5828.77,17060201
13297355,Paasasikwana Naokwaide bl Bruno Ck,Salmon River Basin,ID,44.2908333,-114.4716667,71.6,5718.89,17060201
13297380,SALMON RIVER AB EAST FORK NR CLAYTON ID,Salmon River Basin,ID,44.266642,-114.326758,1200.0,5326.19,170602010906
13302005,PAHSIMEROI RIVER AT ELLIS ID,Salmon River Basin,ID,44.69166667,-114.0469444,830.0,4638.84,17060202
13302500,SALMON RIVER AT SALMON ID,Salmon River Basin,ID,45.1836111,-113.8952778,3737.0,3914.99,17060203
13304050,Big Timber Creek Abv Mouth at Leadore ID,Salmon River Basin,ID,44.68879167,-113.3704056,,5938.25,17060204
13304700,"Lemhi River near McFarland, ID",Salmon River Basin,ID,44.80256667,-113.5658778,,5371.15,17060204
13305000,LEMHI RIVER NR LEMHI ID,Salmon River Basin,ID,44.94,-113.6391667,897.0,4899.76,17060204
13305310,"LEMHI RIVER BELOW L5 DIVERSION NEAR SALMON, ID",Salmon River Basin,ID,45.13277778,-113.7988889,1216.0,4168.76,17060204
13306370,"PANTHER CREEK AT COBALT, ID",Salmon River Basin,ID,45.0897222,-114.2366667,188.0,5046.64,17060203
13306385,"NAPIAS CREEK BELOW ARNETT CREEK NEAR LEESBURG, ID",Salmon River Basin,ID,45.20555556,-114.1338889,41.1,6319.95,17060203
13307000,SALMON RIVER NR SHOUP ID,Salmon River Basin,ID,45.3225,-114.44,6239.0,3157.59,17060203
13309220,MF SALMON RIVER AT MF LODGE NR YELLOW PINE ID,Salmon River Basin,ID,44.7215194,-115.0143472,1042.0,4384.4,17060205
13310199,"MF SALMON RIVER AT MOUTH NR SHOUP, ID",Salmon River Basin,ID,45.2936111,-114.5963889,2876.0,2986.38,17060206
13310700,SF SALMON RIVER NR KRASSEL RANGER STATION ID,Salmon River Basin,ID,44.9869444,-115.725,330.0,3750.0,17060208
13311000,"EF OF SF SALMON RIVER AT STIBNITE, ID",Salmon River Basin,ID,44.905722,-115.3295,19.3,6466.0,170602080201
13311250,"EFSF SALMON R ABV SUGAR CRK NR STIBNITE, ID",Salmon River Basin,ID,44.934778,-115.336694,,5944.0,170602080201
13311450,"SUGAR CREEK NR STIBNITE, ID",Salmon River Basin,ID,44.936361,-115.337222,,5950.0,170602080202
13313000,JOHNSON CREEK AT YELLOW PINE ID,Salmon River Basin,ID,44.96166667,-115.5,218.0,4655.75,17060208
13316500,LITTLE SALMON RIVER AT RIGGINS ID,Salmon River Basin,ID,45.41305556,-116.3252778,576.0,1755.28,17060210
13317000,SALMON RIVER AT WHITE BIRD ID,Salmon River Basin,ID,45.75027778,-116.3238889,13421.0,1416.01,17060209
13317660,SNAKE RIVER AT McDUFF RAPIDS AT CHINA GARDEN ID,Lower Snake River Basin,WA,46.00305556,-116.9169444,,845.12,17060103
13321320,"LADD CANYON ABV LADD CREEK, NR HOT LAKE, OR",SNAKE RIVER BASIN,OR,45.2073611,-118.0205,17.5,3299.82,17060104
13325000,"EAST FORK WALLOWA RIVER NEAR JOSEPH, OR",SNAKE RIVER BASIN,OR,45.27110278,-117.211325,10.3,4540.0,17060105
13331500,"MINAM RIVER AT MINAM, OR",SNAKE RIVER BASIN,OR,45.6198669,-117.7265892,240.0,2540.48,17060105
13333000,"GRANDE RONDE RIVER AT TROY, OR",Lower Snake River Basin,WA,45.9457019,-117.4510089,3275.0,1585.98,17060106
13334300,"SNAKE RIVER NEAR ANATONE, WA",Lower Snake River Basin,WA,46.09706985,-116.9776916,92960.0,810.35,17060103
13335050,"ASOTIN CREEK AT ASOTIN, WA",Lower Snake River Basin,WA,46.3406798,-117.0560319,323.0,745.76,17060103
13336500,SELWAY RIVER NR LOWELL ID,Clearwater River Basin,ID,46.08666667,-115.5138889,1915.0,1533.45,17060302
13337000,LOCHSA RIVER NR LOWELL ID,Clearwater River Basin,ID,46.1508333,-115.5872222,1178.0,1462.5,17060303
13337095,"UPPER CLEAR CREEK NEAR KOOSKIA, ID",Clearwater River Basin,ID,46.0470361,-115.866161,,1766.0,17060304
13338500,SF CLEARWATER RIVER AT STITES ID,Clearwater River Basin,ID,46.08638889,-115.9766667,1168.0,1327.12,17060305
13338950,LAWYER CREEK AT KAMIAH ID,Clearwater River Basin,ID,46.2114194,-116.0697972,208.0,1381.87,17060306
13339500,LOLO CREEK NR GREER ID,Clearwater River Basin,ID,46.37166667,-116.1625,243.0,1077.8,17060306
13340000,CLEARWATER RIVER AT OROFINO ID,Clearwater River Basin,ID,46.4783333,-116.2575,5507.0,993.89,17060306
13340600,NF CLEARWATER RIVER NR CANYON RANGER STATION ID,Clearwater River Basin,ID,46.84055556,-115.621111,1296.0,1706.15,17060307
13341000,NF CLEARWATER RIVER AT AHSAHKA ID,Undefined,ID,46.5043462,-116.3204192,2443.0,969.82,17060308
13341050,CLEARWATER RIVER NR PECK ID,Lower Snake River Basin,WA,46.50027778,-116.3925,7976.0,940.08,17060306
13341140,BIG CANYON CREEK NR PECK ID,Clearwater River Basin,ID,46.4679333,-116.4183028,225.0,1097.61,17060306
13341570,POTLATCH RIVER BEL LITTLE POTLATCH CR NR SPALDING,Clearwater River Basin,ID,46.4986111,-116.7619444,583.0,843.4,17060306
13342450,"LAPWAI CREEK NR LAPWAI, ID",Clearwater River Basin,ID,46.42638889,-116.806111,264.0,867.89,17060306
13342500,CLEARWATER RIVER AT SPALDING ID,Clearwater River Basin,ID,46.4483333,-116.8275,9283.0,773.63,17060306
13344500,"TUCANNON RIVER NEAR STARBUCK, WA",Lower Snake River Basin,WA,46.5054217,-118.0663393,431.0,730.0,17060107
13344550,"SNAKE RIVER NEAR POWERS, WA",Lower Snake River Basin,WA,46.56449167,-118.184486,,500.83,17060107
13345000,"PALOUSE RIVER NR POTLATCH, ID",Esquatzel Coulee Basin,WA,46.91527778,-116.951111,317.0,2458.54,17060108
13346800,PARADISE CR AT UNIVERSITY OF IDAHO AT MOSCOW ID,Palouse River Basin,ID,46.7319444,-117.0241667,17.7,2536.5,17060108
13348000,"SOUTH FORK PALOUSE RIVER AT PULLMAN, WA",Lower Snake River Basin,WA,46.7323856,-117.1810048,132.0,2329.72,17060108
13351000,"PALOUSE RIVER AT HOOPER, WA",Lower Snake River Basin,WA,46.7584831,-118.1488494,2500.0,1042.26,17060108
14013000,"MILL CREEK NEAR WALLA WALLA, WA",Lower Columbia River Basins,WA,46.00789299,-118.1185586,59.6,1998.59,17070102
14013700,"MILL CREEK AT FIVE MILE RD BR NR WALLA WALLA, WA",Lower Columbia River Basins,WA,46.0856932,-118.2282912,92.7,1330.0,17070102
14015000,"MILL CREEK AT WALLA WALLA, WA",Lower Columbia River Basins,WA,46.0762483,-118.2735722,95.7,1120.0,17070102
14015350,"MILL CR AT LAST CHANCE RD BR NR COLLEGE PLACE, WA",Lower Columbia River Basins,WA,46.05126667,-118.4505028,,649.11,17070102
14016820,"TOUCHET RIVER AT GALLAHER RD NEAR WAITSBURG, WA",Lower Columbia River Basins,WA,46.27704167,-118.1115722,259.9,1309.0,17070102
14016940,"COPPEI CREEK AT MCCOWN ROAD NEAR WAITSBURG, WA",Lower Columbia River Basins,WA,46.22246389,-118.1290056,,1483.0,17070102
14018500,"WALLA WALLA RIVER NEAR TOUCHET, WA",Lower Columbia River Basins,WA,46.02760945,-118.7296888,1657.0,401.93,17070102
14020000,"UMATILLA RIVER ABOVE MEACHAM CREEK, NR GIBBON, OR",COLUMBIA RIVER BASIN,OR,45.71957668,-118.3232913,131.0,1854.81,17070103
14020300,"MEACHAM CREEK AT GIBBON, OR",COLUMBIA RIVER BASIN,OR,45.689125,-118.3544472,176.0,1793.05,17070103
14020850,"UMATILLA R AT W RESERVATION BNDY NR PENDLETON, OR",COLUMBIA RIVER BASIN,OR,45.67151937,-118.736649,441.0,1130.0,17070103
14033500,"UMATILLA RIVER NEAR UMATILLA, OR",COLUMBIA RIVER BASIN,OR,45.9026944,-119.3270833,2290.0,333.73,17070103
14034470,"WILLOW CREEK ABV WILLOW CR LAKE, NR HEPPNER, OR",COLUMBIA RIVER BASIN,OR,45.34068289,-119.5158544,67.9,2085.41,17070104
14034480,"BALM FORK NEAR HEPPNER, OR",COLUMBIA RIVER BASIN,OR,45.33207265,-119.5411325,26.3,2101.52,17070104
14034500,"WILLOW CREEK AT HEPPNER, OR",COLUMBIA RIVER BASIN,OR,45.3504062,-119.5500218,96.8,1952.73,17070104
14034608,"WILLOW CREEK AT MORGAN STREET, AT HEPPNER, OR",COLUMBIA RIVER BASIN,OR,45.3612398,-119.5602998,147.0,1910.0,17070104
14036860,"JOHN DAY R AT BLUE MTN HOT SPGS NR PRAIRIE CITY,OR",COLUMBIA RIVER BASIN,OR,44.35793778,-118.5760531,40.14,4200.0,17070201
14038530,"JOHN DAY RIVER NEAR JOHN DAY, OR",COLUMBIA RIVER BASIN,OR,44.41848897,-118.9063419,386.0,3130.56,17070201
14043840,"MF JOHN DAY RIVER ABV CAMP CREEK, NR GALENA, OR",COLUMBIA RIVER BASIN,OR,44.692625,-118.7943083,256.0,3455.0,17070203
14044000,"MIDDLE FORK JOHN DAY RIVER AT RITTER, OR",COLUMBIA RIVER BASIN,OR,44.88876388,-119.1413686,515.0,2544.56,17070203
14046000,"NORTH FORK JOHN DAY RIVER AT MONUMENT, OR",COLUMBIA RIVER BASIN,OR,44.81491667,-119.432,2520.0,1959.64,17070202
14046500,"JOHN DAY RIVER AT SERVICE CREEK, OR",COLUMBIA RIVER BASIN,OR,44.79401389,-120.0070194,5090.0,1632.42,17070204
14046778,"BRIDGE CR ABV COYOTE CANYON NR MITCHELL, OR",COLUMBIA RIVER BASIN,OR,44.7268722,-120.3019167,267.0,1531.67,17070204
14048000,"JOHN DAY RIVER AT MCDONALD FERRY, OR",COLUMBIA RIVER BASIN,OR,45.5876278,-120.4094919,7580.0,392.27,17070204
14070615,"M F TUMALO CREEK ABV PROWELL SPRINGS, NR BEND, OR",COLUMBIA RIVER BASIN,OR,44.03711389,-121.6327694,1.85,6329.0,17070301
14070621,"DIVERSION CANAL TO BRIDGE CREEK, NEAR BEND, OR",COLUMBIA RIVER BASIN,OR,44.03706667,-121.6325889,,6330.0,17070301
14070624,"M F TUMALO CREEK BLW PROWELL SPRINGS, NR BEND, OR",COLUMBIA RIVER BASIN,OR,44.03722778,-121.6325639,,6326.0,17070301
14070900,"BRIDGE CREEK BELOW INTAKE, NEAR BEND, OR",COLUMBIA RIVER BASIN,OR,44.0310833,-121.5678333,5.35,4993.0,17070301
14076500,"DESCHUTES RIVER NEAR CULVER, OR",COLUMBIA RIVER BASIN,OR,44.4987293,-121.3211558,2705.0,1980.0,17070301
14078260,"SF CROOKED RIVER NEAR BELL BUTTE, NEAR PAULINA, OR",COLUMBIA RIVER BASIN,OR,44.062,-120.04330556,988.0,3795.0,170703031009
14087380,"CROOKED RIVER BLW OSBORNE CANYON, NR OPAL CITY, OR",COLUMBIA RIVER BASIN,OR,44.4268972,-121.2328728,4520.0,2190.0,17070305
14087400,"CROOKED RIVER BELOW OPAL SPRINGS, NEAR CULVER, OR",COLUMBIA RIVER BASIN,OR,44.4923407,-121.298377,4557.0,1953.6,17070305
14091500,"METOLIUS RIVER NEAR GRANDVIEW, OR",COLUMBIA RIVER BASIN,OR,44.6262275,-121.4839433,316.0,1974.36,17070301
14092500,"DESCHUTES RIVER NEAR MADRAS, OR",COLUMBIA RIVER BASIN,OR,44.72595225,-121.2469939,7820.0,1390.25,17070306
14092750,"SHITIKE CRK AT PETERS PASTURE, NR WARM SPRINGS, OR",COLUMBIA RIVER BASIN,OR,44.75039516,-121.633397,22.9,3580.0,17070306
14093000,"SHITIKE CREEK NEAR WARM SPRINGS, OR",COLUMBIA RIVER BASIN,OR,44.7642856,-121.2364393,104.0,1395.0,17070306
14096850,"BEAVER CREEK BELOW QUARTZ CREEK, NR SIMNASHO, OR",COLUMBIA RIVER BASIN,OR,44.9587272,-121.3942286,145.0,2260.0,17070306
14097100,"WARM SPRINGS RIVER NEAR KAHNEETA HOT SPRINGS, OR",COLUMBIA RIVER BASIN,OR,44.8565087,-121.1497735,526.0,1394.96,17070306
14101500,"WHITE RIVER BELOW TYGH VALLEY, OR",COLUMBIA RIVER BASIN,OR,45.241722,-121.095139,417.0,870.15,170703060908
14103000,"DESCHUTES RIVER AT MOODY, NEAR BIGGS, OR",COLUMBIA RIVER BASIN,OR,45.6220678,-120.9056203,10500.0,167.54,17070306
14105700,"COLUMBIA RIVER AT THE DALLES, OR",Lower Columbia River Basins,WA,45.60827778,-121.1899167,237000.0,0.0,17070105
14107000,"KLICKITAT RIVER ABOVE WEST FORK NEAR GLENWOOD, WA",Lower Columbia River Basins,WA,46.26480648,-121.2450474,151.0,2720.0,17070106
14111400,"KLICKITAT RIVER BL SUMMIT CREEK NEAR GLENWOOD, WA",Lower Columbia River Basins,WA,45.962345,-121.102295,759.0,900.0,17070106
14113000,"KLICKITAT RIVER NEAR PITT, WA",Lower Columbia River Basins,WA,45.75651098,-121.2100714,1297.0,288.9,17070106
14113200,"MOSIER CREEK NEAR MOSIER, OR",COLUMBIA RIVER BASIN,OR,45.649008,-121.3772951,41.5,425.0,17070105
14120000,"HOOD RIVER AT TUCKER BRIDGE, NEAR HOOD RIVER, OR",COLUMBIA RIVER BASIN,OR,45.6545,-121.5488,279.0,383.2,17070105
14123500,"WHITE SALMON RIVER NEAR UNDERWOOD, WA",Lower Columbia River Basins,WA,45.7520637,-121.5270176,386.0,112.96,17070105
14128500,"WIND RIVER NEAR CARSON, WA",Lower Columbia River Basins,WA,45.72674698,-121.7947746,225.0,112.6,17070105
14128600,"COLUMBIA RIVER AT STEVENSON, WA",Lower Columbia River Basins,WA,45.6992835,-121.8684125,239800.0,0.0,17070105
14128870,"COLUMBIA RIVER BELOW BONNEVILLE DAM, OR",Lower Columbia River Basins,WA,45.63305556,-121.9608333,239900.0,0.0,17080001
14128895,"HAMILTON CREEK NEAR MOUTH, AT N BONNEVILLE, WA",Undefined,WA,45.63630556,-121.9824722,,,17080001
14137000,"SANDY RIVER NEAR MARMOT, OR",SANDY RIVER BASIN,OR,45.3995642,-122.1373068,264.0,0.0,17080001
14138720,"BULL RUN RIVER AT LOWER FLUME NR BRIGHTWOOD, OR",SANDY RIVER BASIN,OR,45.4709515,-121.8653567,5.08,2840.0,17080001
14138800,"BLAZED ALDER CREEK NEAR RHODODENDRON, OR",SANDY RIVER BASIN,OR,45.4526183,-121.8914684,8.17,2540.0,17080001
14138850,"BULL RUN RIVER NEAR MULTNOMAH FALLS, OR",SANDY RIVER BASIN,OR,45.4981743,-122.0123049,47.9,1080.0,17080001
14138870,"FIR CREEK NEAR BRIGHTWOOD, OR",SANDY RIVER BASIN,OR,45.48011889,-122.0256385,5.46,1480.0,17080001
14138900,"NORTH FORK BULL RUN RIVER NEAR MULTNOMAH FALLS, OR",SANDY RIVER BASIN,OR,45.4942454,-122.035888,8.32,1065.0,17080001
14139800,"SOUTH FORK BULL RUN RIVER NEAR BULL RUN, OR",SANDY RIVER BASIN,OR,45.444564,-122.1095292,15.7,990.0,17080001
14139940,"BULL RUN RIVER BLW BULL RUN RES 2, NR BULL RUN, OR",SANDY RIVER BASIN,OR,45.44852778,-122.1551944,103.0,680.0,17080001
14140000,"BULL RUN RIVER NEAR BULL RUN (RIVER ONLY), OR",SANDY RIVER BASIN,OR,45.4373,-122.1796556,107.0,567.9,17080001
14141500,"LITTLE SANDY RIVER NEAR BULL RUN, OR",SANDY RIVER BASIN,OR,45.41539777,-122.1714746,23.1,720.0,17080001
14142500,"SANDY RIVER BLW BULL RUN RIVER, NR BULL RUN, OR",SANDY RIVER BASIN,OR,45.4490094,-122.2450885,436.0,240.0,17080001
14142800,"BEAVER CREEK AT TROUTDALE, OR",SANDY RIVER BASIN,OR,45.5194444,-122.3892778,11.1,188.89,17080001
14144700,"COLUMBIA RIVER AT VANCOUVER, WA",Lower Columbia River Basins,WA,45.62067265,-122.6734306,241000.0,1.82,17080003
14144800,"MIDDLE FORK WILLAMETTE RIVER NR OAKRIDGE, OR",UPPER WILLAMETTE RIVER BASIN,OR,43.60178867,-122.4575474,264.0,1560.0,17090001
14144900,"HILLS CR AB HILLS CR RES, NR OAKRIDGE, OR",UPPER WILLAMETTE RIVER BASIN,OR,43.6804006,-122.3705999,52.7,1620.8,17090001
14145110,"HILLS CREEK DAM TAILWATER NEAR OAKRIDGE, OR",UPPER WILLAMETTE RIVER BASIN,OR,43.71070278,-122.4239389,389.0,0.0,17090001
14145500,"MF WILLAMETTE RIVER ABV SALT CRK, NEAR OAKRIDGE,OR",UPPER WILLAMETTE RIVER BASIN,OR,43.72095655,-122.4378256,392.0,1208.01,17090001
14147500,"N FK OF M FK WILLAMETTE R NR OAKRIDGE, OR",UPPER WILLAMETTE RIVER BASIN,OR,43.7567902,-122.5053292,246.0,1029.6,17090001
14148000,"MF WILLAMETTE RIVER BLW N FORK, NR OAKRIDGE, OR.",UPPER WILLAMETTE RIVER BASIN,OR,43.80123517,-122.5608879,924.0,934.76,17090001
14149010,"LOOKOUT POINT DAM TAILWATER NEAR LOWELL, OR",UPPER WILLAMETTE RIVER BASIN,OR,43.915375,-122.7536028,991.0,0.0,17090001
14149510,"DEXTER DAM TAILWATER AT DEXTER, OR",UPPER WILLAMETTE RIVER BASIN,OR,43.92434167,-122.8056056,1000.0,0.0,17090001
14150000,"MIDDLE FORK WILLAMETTE RIVER NEAR DEXTER, OR",UPPER WILLAMETTE RIVER BASIN,OR,43.9456815,-122.8372967,1001.0,592.3,17090001
14150290,"FALL CREEK ABOVE NORTH FORK, NEAR LOWELL, OR",UPPER WILLAMETTE RIVER BASIN,OR,43.9672222,-122.6297222,110.0,870.0,17090001
14150800,"WINBERRY CREEK NEAR LOWELL,OR",UPPER WILLAMETTE RIVER BASIN,OR,43.9142924,-122.6886762,43.9,863.7,17090001
14151000,"FALL CREEK BLW WINBERRY CREEK, NEAR FALL CREEK, OR",UPPER WILLAMETTE RIVER BASIN,OR,43.94429299,-122.774794,186.0,637.81,17090001
14152000,"MIDDLE FORK WILLAMETTE RIVER AT JASPER, OR",UPPER WILLAMETTE RIVER BASIN,OR,43.99818166,-122.9059126,1340.0,513.45,17090001
14152500,"COAST FORK WILLAMETTE AT LONDON, OR",UPPER WILLAMETTE RIVER BASIN,OR,43.64151015,-123.0859089,72.1,852.58,17090002
14153500,"COAST FORK WILLAMETTE R BLW COTTAGE GROVE DAM, OR",UPPER WILLAMETTE RIVER BASIN,OR,43.72067785,-123.0497994,104.0,711.0,17090002
14154500,"ROW RIVER ABOVE PITCHER CREEK, NEAR DORENA, OR",UPPER WILLAMETTE RIVER BASIN,OR,43.73527778,-122.8744444,211.0,856.16,17090002
14155500,"ROW RIVER NEAR COTTAGE GROVE, OR",UPPER WILLAMETTE RIVER BASIN,OR,43.7929012,-122.9914655,270.0,685.24,17090002
14157500,"COAST FORK WILLAMETTE RIVER NEAR GOSHEN, OR",UPPER WILLAMETTE RIVER BASIN,OR,43.98040324,-122.96647,642.0,473.8,17090002
14158050,"WILLAMETTE RIVER AT EUGENE, OR",MIDDLE WILLAMETTE RIVER BASIN,OR,44.0525,-123.0827778,2040.0,393.88,17090003
14158500,"MCKENZIE RIVER AT OUTLET OF CLEAR LAKE, OR",UPPER WILLAMETTE RIVER BASIN,OR,44.3609545,-121.9956172,92.4,3015.32,17090004
14158740,"MCKENZIE RIVER BL PAYNE CR, NR BELKNAP SPRINGS, OR",UPPER WILLAMETTE RIVER BASIN,OR,44.28638889,-122.0368056,160.0,,17090004
14158790,"SMITH RIVER ABV SMITH R RESV,NR BELKNAP SPRNGS,OR",UPPER WILLAMETTE RIVER BASIN,OR,44.3345666,-122.0470074,15.6,2610.0,17090004
14158798,SMITH RIVER ABV TRAIL BRDG RESV NR BELKNAP SPRINGS,UPPER WILLAMETTE RIVER BASIN,OR,44.28988889,-122.0485833,21.4,,17090004
14158850,"MCKENZIE R BLW TRAIL BR DAM NR BELKNAP SPRINGS, OR",UPPER WILLAMETTE RIVER BASIN,OR,44.2679001,-122.0497826,184.0,1980.0,17090004
14159110,"MCKENZIE RIVER ABOVE SOUTH FORK, NEAR RAINBOW, OR",UPPER WILLAMETTE RIVER BASIN,OR,44.16633386,-122.2565067,525.96,1171.0,17090004
14159200,SO FK MCKENZIE RIVER ABV COUGAR LAKE NR RAINBOW OR,UPPER WILLAMETTE RIVER BASIN,OR,44.047067,-122.2178245,160.0,1709.51,17090004
14159410,"COUGAR DAM TAILWATER NEAR RAINBOW, OR",UPPER WILLAMETTE RIVER BASIN,OR,44.1305472,-122.2435889,207.0,0.0,17090004
14159500,"SOUTH FORK MCKENZIE RIVER NEAR RAINBOW, OR",UPPER WILLAMETTE RIVER BASIN,OR,44.13595817,-122.248391,208.0,1236.42,17090004
14161100,"BLUE RIVER BELOW TIDBITS CREEK, NR BLUE RIVER, OR",UPPER WILLAMETTE RIVER BASIN,OR,44.2179043,-122.2650676,45.8,1386.9,17090004
14161500,"LOOKOUT CREEK NEAR BLUE RIVER, OR",UPPER WILLAMETTE RIVER BASIN,OR,44.2095708,-122.256733,24.1,1377.76,17090004
14162050,"NF QUARTZ CREEK NEAR BLUE RIVER, OR",UPPER WILLAMETTE RIVER BASIN,OR,44.1845,-122.3148056,4.19,,17090004
14162200,"BLUE RIVER AT BLUE RIVER, OR",UPPER WILLAMETTE RIVER BASIN,OR,44.16234819,-122.3331192,87.7,1056.53,17090004
14162450,"QUARTZ CREEK NEAR FINN ROCK, OR",UPPER WILLAMETTE RIVER BASIN,OR,44.1233611,-122.3787222,42.1,,17090004
14162500,"MCKENZIE RIVER NEAR VIDA, OR",UPPER WILLAMETTE RIVER BASIN,OR,44.1248487,-122.47062,930.0,855.71,17090004
14163000,"GATE CREEK AT VIDA, OR",UPPER WILLAMETTE RIVER BASIN,OR,44.1460861,-122.5730333,47.6,764.56,17090004
14163150,"MCKENZIE RIVER BLW LEABURG DAM, NR LEABURG, OR",UPPER WILLAMETTE RIVER BASIN,OR,44.123738,-122.6275715,1030.0,710.0,17090004
14163900,"MCKENZIE RIVER NEAR WALTERVILLE, OR",UPPER WILLAMETTE RIVER BASIN,OR,44.0698492,-122.7711874,1081.0,589.74,17090004
14164550,"CAMP CRK AT CAMP CRK RD BRIDGE, NR SPRINGFIELD, OR",UPPER WILLAMETTE RIVER BASIN,OR,44.07066667,-122.8846667,26.0,525.0,17090004
14164700,"CEDAR CREEK AT SPRINGFIELD, OR",UPPER WILLAMETTE RIVER BASIN,OR,44.059348,-122.9196644,,490.0,17090004
14164900,"McKENZIE RIVER ABV HAYDEN BR, AT SPRINGFIELD,OR",UPPER WILLAMETTE RIVER BASIN,OR,44.0712365,-122.9645273,1140.0,400.0,17090004
14165000,"MOHAWK RIVER NEAR SPRINGFIELD, OR",UPPER WILLAMETTE RIVER BASIN,OR,44.09290317,-122.9573052,177.0,442.47,17090004
14165500,"MCKENZIE RIVER NEAR COBURG, OR",UPPER WILLAMETTE RIVER BASIN,OR,44.11305556,-123.0469722,1337.0,386.08,17090004
14166000,"WILLAMETTE RIVER AT HARRISBURG, OR",MIDDLE WILLAMETTE RIVER BASIN,OR,44.27040126,-123.1737036,3420.0,288.39,17090003
14166500,"LONG TOM RIVER NEAR NOTI, OR",MIDDLE WILLAMETTE RIVER BASIN,OR,44.04984478,-123.4262097,89.3,389.05,17090003
14169000,"LONG TOM RIVER NEAR ALVADORE, OR",MIDDLE WILLAMETTE RIVER BASIN,OR,44.1226111,-123.3003056,252.0,335.56,17090003
14170000,"LONG TOM RIVER AT MONROE, OR",MIDDLE WILLAMETTE RIVER BASIN,OR,44.3128333,-123.296361,391.0,273.66,17090003
14170350,"MARYS RIVER ABOVE WOODS CREEK, NR PHILOMATH, OR",MIDDLE WILLAMETTE RIVER BASIN,OR,44.5476944,-123.3990278,98.9,0.0,17090003
14171000,"MARYS RIVER NEAR PHILOMATH, OR",MIDDLE WILLAMETTE RIVER BASIN,OR,44.525,-123.334,159.0,224.01,17090003
14171600,"WILLAMETTE RIVER AT CORVALLIS, OR",MIDDLE WILLAMETTE RIVER BASIN,OR,44.5663611,-123.2568056,4420.0,180.0,17090003
14173500,"CALAPOOIA RIVER AT ALBANY, OR",MIDDLE WILLAMETTE RIVER BASIN,OR,44.62002778,-123.1284722,372.0,180.85,17090003
14174000,"WILLAMETTE RIVER AT ALBANY, OR",MIDDLE WILLAMETTE RIVER BASIN,OR,44.6387328,-123.1067616,4840.0,167.18,17090003
14178000,"NO SANTIAM R BLW BOULDER CRK, NR DETROIT, OR",MIDDLE WILLAMETTE RIVER BASIN,OR,44.7067885,-122.1011859,216.0,1590.07,17090005
14178500,"DEVILS CREEK NEAR BREITENBUSH HOT SPRINGS, OR",MIDDLE WILLAMETTE RIVER BASIN,OR,44.7775,-121.9696944,9.46,2268.04,17090005
14179000,"BREITENBUSH R ABV FRENCH CR NR DETROIT, OR.",MIDDLE WILLAMETTE RIVER BASIN,OR,44.75262179,-122.1289648,108.0,1573.95,17090005
14180300,"BLOWOUT CREEK NEAR DETROIT, OR",MIDDLE WILLAMETTE RIVER BASIN,OR,44.65289999,-122.130908,26.0,1840.0,17090005
14180510,"DETROIT DAM TAILWATER NEAR DETROIT, OR",MIDDLE WILLAMETTE RIVER BASIN,OR,44.722,-122.251,437.0,0.0,17090005
14181350,"SARDINE CREEK NEAR NIAGRA, OR",MIDDLE WILLAMETTE RIVER BASIN,OR,44.7475,-122.2741944,5.46,1215.58,17090005
14181410,"BIG CLIFF DAM TAILWATER NEAR NIAGARA, OR",MIDDLE WILLAMETTE RIVER BASIN,OR,44.7514861,-122.2833778,453.0,0.0,17090005
14181500,"NORTH SANTIAM RIVER AT NIAGARA, OR",MIDDLE WILLAMETTE RIVER BASIN,OR,44.75377778,-122.2974444,453.0,1093.78,17090005
14181900,"LITTLE N SANTIAM RIVER ABV EVANS CR, AT ELKHORN,OR",MIDDLE WILLAMETTE RIVER BASIN,OR,44.83580278,-122.35495,53.1,1157.87,17090005
14182500,"LITTLE NORTH SANTIAM RIVER NEAR MEHAMA, OR",MIDDLE WILLAMETTE RIVER BASIN,OR,44.7915108,-122.5789738,112.0,655.41,17090005
14183000,"NORTH SANTIAM RIVER AT MEHAMA, OR",MIDDLE WILLAMETTE RIVER BASIN,OR,44.78925,-122.6188056,654.35,605.78,17090005
14184100,"NORTH SANTIAM R AT GREENS BRIDGE, NR JEFFERSON, OR",MIDDLE WILLAMETTE RIVER BASIN,OR,44.7079444,-122.973111,736.0,231.54,17090005
14185000,"SOUTH SANTIAM RIVER BELOW CASCADIA, OR",MIDDLE WILLAMETTE RIVER BASIN,OR,44.39179225,-122.4975817,174.0,775.0,17090006
14185800,"MIDDLE SANTIAM R NEAR CASCADIA, OR",MIDDLE WILLAMETTE RIVER BASIN,OR,44.5151239,-122.3720249,104.0,1040.0,17090006
14185900,"QUARTZVILLE CREEK NEAR CASCADIA, OR",MIDDLE WILLAMETTE RIVER BASIN,OR,44.54012357,-122.4359155,99.2,1050.0,17090006
14186110,"GREEN PETER DAM TAILWATER NEAR FOSTER, OR",MIDDLE WILLAMETTE RIVER BASIN,OR,44.4492944,-122.5496667,273.0,0.0,17090006
14186200,"MIDDLE SANTIAM R BLW GREEN PETER DAM NR FOSTER, OR",MIDDLE WILLAMETTE RIVER BASIN,OR,44.44818005,-122.5503613,273.0,0.0,17090006
14186610,"FOSTER DAM TAILWATER AT FOSTER, OR",MIDDLE WILLAMETTE RIVER BASIN,OR,44.41479444,-122.6713556,492.0,0.0,17090006
14187000,"WILEY CREEK NEAR FOSTER, OR",MIDDLE WILLAMETTE RIVER BASIN,OR,44.37234769,-122.6231384,51.8,720.0,17090006
14187200,"SOUTH SANTIAM RIVER NEAR FOSTER, OR",MIDDLE WILLAMETTE RIVER BASIN,OR,44.4123468,-122.6886956,557.0,530.0,17090006
14187500,"SOUTH SANTIAM RIVER AT WATERLOO, OR",MIDDLE WILLAMETTE RIVER BASIN,OR,44.4984564,-122.8234214,640.0,370.39,17090006
14187600,"LEBANON SANTIAM CANAL NEAR LEBANON, OR",MIDDLE WILLAMETTE RIVER BASIN,OR,44.51484526,-122.8648109,,370.0,17090006
14188610,"SCHAFER CREEK NEAR LACOMB, OR",MIDDLE WILLAMETTE RIVER BASIN,OR,44.61956728,-122.4659162,1.03,2900.0,17090006
14188800,"THOMAS CREEK NEAR SCIO, OR",MIDDLE WILLAMETTE RIVER BASIN,OR,44.71206687,-122.7700878,109.73,370.0,17090006
14189000,"SANTIAM RIVER AT JEFFERSON, OR",MIDDLE WILLAMETTE RIVER BASIN,OR,44.7147222,-123.01425,1790.0,199.63,17090005
14190500,"LUCKIAMUTE RIVER NEAR SUVER, OR",MIDDLE WILLAMETTE RIVER BASIN,OR,44.78317527,-123.2345435,240.0,171.92,17090003
14191000,"WILLAMETTE RIVER AT SALEM, OR",MIDDLE WILLAMETTE RIVER BASIN,OR,44.9442863,-123.0428742,7280.0,106.14,17090007
14194150,"SOUTH YAMHILL RIVER AT MCMINNVILLE, OR",LOWER WILLAMETTE RIVER BASIN,OR,45.2069444,-123.1816667,528.0,61.7,17090008
14197900,"WILLAMETTE RIVER AT NEWBERG, OR",LOWER WILLAMETTE RIVER BASIN,OR,45.2845625,-122.9614893,8350.0,0.0,17090007
14198400,"BULL CREEK NEAR WILHOIT, OR",LOWER WILLAMETTE RIVER BASIN,OR,44.9609,-122.385,0.78,1660.0,17090009
14198500,"MOLALLA R AB PC NR WILHOIT, OR",LOWER WILLAMETTE RIVER BASIN,OR,45.0097222,-122.4809167,97.0,791.35,17090009
14199704,"NATE CREEK TRIBUTARY NEAR COLTON, OR",LOWER WILLAMETTE RIVER BASIN,OR,45.2054444,-122.412111,0.61,959.24,17090009
14200000,"MOLALLA RIVER NEAR CANBY, OR",LOWER WILLAMETTE RIVER BASIN,OR,45.24391667,-122.6874444,323.0,97.49,17090009
14201340,"PUDDING RIVER NEAR WOODBURN, OR",LOWER WILLAMETTE RIVER BASIN,OR,45.15123137,-122.80426,314.0,89.41,17090009
14201500,"BUTTE CREEK AT MONITOR, OR",LOWER WILLAMETTE RIVER BASIN,OR,45.1015099,-122.7462019,58.7,155.0,17090009
14202000,"PUDDING RIVER AT AURORA, OR",LOWER WILLAMETTE RIVER BASIN,OR,45.23327778,-122.7509167,479.0,75.6,17090009
14202630,"WAPATO CANAL AT PUMP HOUSE, AT GASTON, OR",LOWER WILLAMETTE RIVER BASIN,OR,45.4401722,-123.1251806,,160.51,17090010
14202650,"WAPATO CREEK AT SW GASTON ROAD, AT GASTON, OR",LOWER WILLAMETTE RIVER BASIN,OR,45.44064167,-123.125,24.1,166.1,17090010
14203500,"TUALATIN RIVER NEAR DILLEY, OR",LOWER WILLAMETTE RIVER BASIN,OR,45.4748365,-123.124274,125.0,147.57,17090010
14205350,"EF DAIRY CR ABV MURTAUGH CR NR MEACHAM CORNER, OR",LOWER WILLAMETTE RIVER BASIN,OR,45.69385556,-123.0700194,27.6,341.68,17090010
14206241,"TUALATIN RIVER AT HWY 219 NEAR HILLSBORO, OR",LOWER WILLAMETTE RIVER BASIN,OR,45.50038889,-122.99094444,462.0,120.0,170900100404
14206752,"CHICKEN CREEK ABV SEASONAL TRAIL, NR SHERWOOD, OR",LOWER WILLAMETTE RIVER BASIN,OR,45.385417,-122.837056,16.4,123.0,170900100501
14206900,"FANNO CREEK AT 56TH AVE, AT PORTLAND, OR",LOWER WILLAMETTE RIVER BASIN,OR,45.4881944,-122.73475,2.37,242.75,17090010
14206950,"FANNO CREEK AT DURHAM, OR",LOWER WILLAMETTE RIVER BASIN,OR,45.403452,-122.7548185,31.5,115.78,17090010
14207500,"TUALATIN RIVER AT WEST LINN, OR",LOWER WILLAMETTE RIVER BASIN,OR,45.35067559,-122.6762044,706.0,85.61,17090010
14207740,"WILLAMETTE RIVER ABOVE FALLS, AT OREGON CITY, OR",LOWER WILLAMETTE RIVER BASIN,OR,45.34805556,-122.6205278,10000.0,3.53,17090007
14207770,"WILLAMETTE RIVER BELOW FALLS, AT OREGON CITY, OR",LOWER WILLAMETTE RIVER BASIN,OR,45.35762066,-122.610925,10000.0,0.0,17090007
14208700,"OAK GROVE FORK NEAR GOVERNMENT CAMP, OR",LOWER WILLAMETTE RIVER BASIN,OR,45.11373009,-121.8150775,54.4,3041.83,17090011
14209000,"OAK GROVE FORK ABOVE POWERPLANT INTAKE, OR.",LOWER WILLAMETTE RIVER BASIN,OR,45.0712319,-121.9406345,124.0,2100.0,17090011
14209250,"OAK GROVE FORK AT RIPPLEBROOK CAMPGROUND, OR",LOWER WILLAMETTE RIVER BASIN,OR,45.07981389,-122.0428583,141.0,1420.0,17090011
14209500,"CLACKAMAS RIVER ABOVE THREE LYNX CREEK, OR",LOWER WILLAMETTE RIVER BASIN,OR,45.1248432,-122.0734137,479.0,1091.69,17090011
14209700,"FISH CREEK NEAR THREE LYNX, OR",LOWER WILLAMETTE RIVER BASIN,OR,45.148278,-122.154472,45.1,924.0,170900110403
14210000,"CLACKAMAS RIVER AT ESTACADA, OR",LOWER WILLAMETTE RIVER BASIN,OR,45.29984346,-122.3539746,671.0,286.93,17090011
14211010,"CLACKAMAS RIVER NEAR OREGON CITY, OR",LOWER WILLAMETTE RIVER BASIN,OR,45.3792874,-122.5773134,940.0,0.0,17090011
14211315,"TRYON CREEK NEAR LAKE OSWEGO, OR",LOWER WILLAMETTE RIVER BASIN,OR,45.43067476,-122.6737057,6.28,95.0,17090012
14211400,"JOHNSON CREEK AT REGNER ROAD, AT GRESHAM, OR",JOHNSON CREEK BASIN,OR,45.4863333,-122.4218333,15.36,304.59,17090012
14211499,"KELLEY CREEK AT SE 159TH DRIVE AT PORTLAND, OR",JOHNSON CREEK BASIN,OR,45.4767869,-122.4984239,4.69,245.0,17090012
14211500,"JOHNSON CREEK AT SYCAMORE, OR",JOHNSON CREEK BASIN,OR,45.47745556,-122.5080194,26.8,228.47,17090012
14211542,"CRYSTAL SPRINGS CREEK AT BYBEE ST, PORTLAND, OR",JOHNSON CREEK BASIN,OR,45.47402778,-122.6417222,3.08,,17090012
14211550,"JOHNSON CREEK AT MILWAUKIE, OR",JOHNSON CREEK BASIN,OR,45.452897,-122.6431496,53.17,0.0,17090012
14211720,"WILLAMETTE RIVER AT PORTLAND, OR",LOWER WILLAMETTE RIVER BASIN,OR,45.5175,-122.6691667,11200.0,1.55,17090012
14211814,"FAIRVIEW CREEK AT GLISAN ST NEAR GRESHAM, OR",LOWER WILLAMETTE RIVER BASIN,OR,45.52761968,-122.4487024,4.94,203.87,17090012
14211820,"COLUMBIA SLOUGH AT PORTLAND, OR",COLUMBIA RIVER MAINSTEM,OR,45.63900515,-122.763155,,1.53,17090012
14216000,"LEWIS RIVER ABOVE MUDDY RIVER NEAR COUGAR, WA",Lewis River Basin,WA,46.060355,-121.9845094,227.0,1083.49,17080002
14216500,"MUDDY RIVER BELOW CLEAR CREEK NEAR COUGAR, WA",Lewis River Basin,WA,46.0756326,-121.9986768,135.0,1035.61,17080002
14218030,"SWIFT POWERPLANT NO 2 TAILWATER NEAR COUGAR, WA",Lewis River Basin,WA,46.05816598,-122.2609293,,,17080002
14219000,"CANYON CREEK NEAR AMBOY, WA",Lewis River Basin,WA,45.9398339,-122.3170398,64.1,493.11,17080002
14219800,"SPEELYAI CREEK NEAR COUGAR, WA",Lewis River Basin,WA,46.004555,-122.3442638,12.6,492.05,17080002
14220500,"LEWIS RIVER AT ARIEL, WA",Lewis River Basin,WA,45.95173827,-122.5639685,731.0,48.2,17080002
14222500,"EAST FORK LEWIS RIVER NEAR HEISSON, WA",Lewis River Basin,WA,45.8367809,-122.4662083,125.0,356.8,17080002
14226500,"COWLITZ RIVER AT PACKWOOD, WA",Cowlitz River Basin,WA,46.61285685,-121.6792344,287.0,1051.44,17080004
14231000,"COWLITZ RIVER AT RANDLE, WA",Cowlitz River Basin,WA,46.5319444,-121.9569444,541.0,868.8,17080004
14231900,"CISPUS RIVER AB YELLOWJACKET CREEK NEAR RANDLE, WA",Cowlitz River Basin,WA,46.4439666,-121.8400689,250.0,1253.68,17080004
14233500,"COWLITZ RIVER NEAR KOSMOS, WA",Cowlitz River Basin,WA,46.4662217,-122.1089856,1040.0,759.29,17080005
14236200,"TILTON RIVER AB BEAR CANYON CREEK NEAR CINEBAR, WA",Cowlitz River Basin,WA,46.5953843,-122.4595564,141.0,610.48,17080005
14238000,"COWLITZ RIVER BELOW MAYFIELD DAM, WA",Cowlitz River Basin,WA,46.51038526,-122.616224,1400.0,226.6,17080005
14240311,"SPIRIT LAKE TUNNEL OUTLET NR SPIRIT LAKE, WA",Cowlitz River Basin,WA,46.2822222,-122.1952778,18.0,3341.0,17080005
14240525,"NF TOUTLE RIVER BELOW SRS NEAR KID VALLEY, WA",Cowlitz River Basin,WA,46.3717753,-122.5789987,146.0,700.0,17080005
14242580,"TOUTLE RIVER AT TOWER ROAD NEAR SILVER LAKE, WA",Cowlitz River Basin,WA,46.335,-122.8408333,496.0,120.0,17080005
14243000,"COWLITZ RIVER AT CASTLE ROCK, WA",Cowlitz River Basin,WA,46.2748332,-122.9145587,2238.0,0.0,17080005
14246900,"COLUMBIA RIVER AT PORT WESTWARD, NEAR QUINCY, OR",Lower Columbia River Basins,WA,46.18122136,-123.1834539,256900.0,-1.0,17080003
14299800,"NEHALEM RIVER NEAR VERNONIA, OR",OREGON NORTHERN COASTAL BASIN,OR,45.80705586,-123.2831722,69.78,640.0,17100202
14301000,"NEHALEM RIVER NEAR FOSS, OR",OREGON NORTHERN COASTAL BASIN,OR,45.7039986,-123.755405,667.0,32.6,17100202
14301340,"NEHALEM RIVER AT NEHALEM, OR",OREGON NORTHERN COASTAL BASIN,OR,45.7178333,-123.88975,838.0,0.0,17100202
14301500,"WILSON RIVER NEAR TILLAMOOK, OR",OREGON NORTHERN COASTAL BASIN,OR,45.47593996,-123.7251209,161.0,42.12,17100203
14302020,"WILSON RIVER AT SOLLIE SMITH BR AT TILLAMOOK, OR",OREGON NORTHERN COASTAL BASIN,OR,45.4771111,-123.8079722,189.0,0.0,17100203
14302480,"TRASK RIVER ABOVE CEDAR CREEK, NEAR TILLAMOOK, OR",OREGON NORTHERN COASTAL BASIN,OR,45.4462181,-123.7103974,156.0,70.0,17100203
14302900,"NESTUCCA RIVER NEAR FAIRDALE, OR",OREGON NORTHERN COASTAL BASIN,OR,45.31063889,-123.4135278,6.2,1798.0,17100203
14303200,"TUCCA CREEK NEAR BLAINE, OR.",OREGON NORTHERN COASTAL BASIN,OR,45.32427635,-123.5465012,3.09,1400.0,17100203
14303600,"NESTUCCA RIVER NEAR BEAVER, OR",OREGON NORTHERN COASTAL BASIN,OR,45.26649446,-123.847061,180.0,43.0,17100203
14305500,"SILETZ RIVER AT SILETZ, OR",OREGON NORTHERN COASTAL BASIN,OR,44.7151172,-123.8873348,202.0,102.32,17100204
14306340,"EAST FORK LOBSTER CREEK NEAR ALSEA, OR.",OREGON NORTHERN COASTAL BASIN,OR,44.24789909,-123.6364936,5.7,680.0,17100205
14306500,"ALSEA RIVER NEAR TIDEWATER, OR",OREGON NORTHERN COASTAL BASIN,OR,44.3859538,-123.831778,334.0,48.16,17100205
14307620,"SIUSLAW RIVER NEAR MAPLETON, OR",OREGON NORTHERN COASTAL BASIN,OR,44.06234317,-123.8831659,588.0,41.0,17100206
14308000,"SOUTH UMPQUA RIVER AT TILLER, OR",UMPQUA COOS AND COQUILLE RIVER BASINS,OR,42.9303985,-122.9483872,449.0,991.8,17100302
14308500,"ELK CREEK NR DREW, OR",UMPQUA COOS AND COQUILLE RIVER BASINS,OR,42.89012159,-122.9178303,56.9,1279.25,17100302
14308910,"S UMPQUA RIVER AT CANYONVILLE, OR",UMPQUA COOS AND COQUILLE RIVER BASINS,OR,42.943694,-123.285917,749.0,670.0,171003020508
14308990,"COW CREEK ABV GALESVILLE RES, NR AZALEA, OR.",UMPQUA COOS AND COQUILLE RIVER BASINS,OR,42.82317665,-123.1258922,64.7,1900.0,17100302
14309000,"COW CREEK NEAR AZALEA, OR",UMPQUA COOS AND COQUILLE RIVER BASINS,OR,42.82484286,-123.1789492,78.0,1694.32,17100302
14309500,"WEST FORK COW CREEK NEAR GLENDALE, OR",UMPQUA COOS AND COQUILLE RIVER BASINS,OR,42.80400356,-123.6109071,86.9,1018.48,17100302
14310000,"COW CREEK NEAR RIDDLE, OR",UMPQUA COOS AND COQUILLE RIVER BASINS,OR,42.9234502,-123.428957,456.0,682.6,17100302
14312000,"SOUTH UMPQUA RIVER NEAR BROCKWAY, OR",UMPQUA COOS AND COQUILLE RIVER BASINS,OR,43.13317169,-123.3984053,1670.0,462.52,17100302
14313200,"N.UMPQUA R ABV WHITE MULE CK, NR TOKETEE FALLS, OR",UMPQUA COOS AND COQUILLE RIVER BASINS,OR,43.32401306,-122.1969797,170.0,4030.0,17100301
14313700,"N.UMPQUA R BLW WARM SPRINGS CK NR TOKETEE FALLS,OR",UMPQUA COOS AND COQUILLE RIVER BASINS,OR,43.35484515,-122.2519822,199.0,3300.0,17100301
14314500,"CLEARWATER RIVER ABV TRAP CK NR TOKETEE FALLS, OR",UMPQUA COOS AND COQUILLE RIVER BASINS,OR,43.2442903,-122.2872596,41.6,3862.84,17100301
14314700,"CLEARWATER R BLW MOWICH CREEK, NR TOKETEE FALLS,OR",UMPQUA COOS AND COQUILLE RIVER BASINS,OR,43.25095636,-122.3383725,60.4,3180.0,17100301
14315500,"NORTH UMPQUA RIVER AT TOKETEE FALLS, OR",UMPQUA COOS AND COQUILLE RIVER BASINS,OR,43.26373317,-122.4217087,334.8,2312.66,17100301
14315700,"N.UMPQUA R BLW SLIDE CK DAM NR TOKETEE FALLS, OR",UMPQUA COOS AND COQUILLE RIVER BASINS,OR,43.27641667,-122.4499722,336.77,1950.0,17100301
14315950,"FISH CREEK ABV SLIPPER CREEK NR TOKETEE FALLS, OR",UMPQUA COOS AND COQUILLE RIVER BASINS,OR,43.21123347,-122.4275415,61.6,3060.0,17100301
14316455,"N.UMPQUA R BLW SODA SPGS RESV, NR TOKETEE FALLS,OR",UMPQUA COOS AND COQUILLE RIVER BASINS,OR,43.30373229,-122.4989339,435.1,1740.0,17100301
14316495,"BOULDER CREEK NEAR TOKETEE FALLS, OR",UMPQUA COOS AND COQUILLE RIVER BASINS,OR,43.3034543,-122.5303237,30.4,1640.0,17100301
14316500,"N UMPQUA RIVER ABV COPELAND CK NR TOKETEE FALLS,OR",UMPQUA COOS AND COQUILLE RIVER BASINS,OR,43.29595427,-122.5367127,475.0,1580.0,17100301
14316700,"STEAMBOAT CREEK NEAR GLIDE, OR",UMPQUA COOS AND COQUILLE RIVER BASINS,OR,43.349842,-122.7289415,227.0,1128.55,17100301
14317600,"ROCK CREEK NEAR GLIDE, OR",UMPQUA COOS AND COQUILLE RIVER BASINS,OR,43.34666389,-122.9925917,97.4,940.0,17100301
14318000,"LITTLE RIVER AT PEEL, OR",UMPQUA COOS AND COQUILLE RIVER BASINS,OR,43.2526179,-123.0261716,177.0,828.33,17100301
14319500,"NORTH UMPQUA RIVER AT WINCHESTER, OR",UMPQUA COOS AND COQUILLE RIVER BASINS,OR,43.27096667,-123.4115444,1344.0,372.97,17100301
14320934,"LITTLE WOLF CREEK NEAR TYEE, OR",UMPQUA COOS AND COQUILLE RIVER BASINS,OR,43.43122665,-123.5867573,9.05,330.0,17100303
14321000,"UMPQUA RIVER NEAR ELKTON, OR",UMPQUA COOS AND COQUILLE RIVER BASINS,OR,43.5859502,-123.5553727,3683.0,90.42,17100303
14325000,"SOUTH FORK COQUILLE RIVER AT POWERS, OR",UMPQUA COOS AND COQUILLE RIVER BASINS,OR,42.89149904,-124.070652,169.0,197.42,17100305
14326300,"MF COQUILLE RIVER BLW MCMULLEN CREEK NR BRIDGE, OR",UMPQUA COOS AND COQUILLE RIVER BASINS,OR,43.0347222,-124.04025,294.0,77.0,17100305
14326510,"SF COQUILLE RIVER AT MYRTLE POINT, OR",UMPQUA COOS AND COQUILLE RIVER BASINS,OR,43.06566537,-124.1470479,593.0,15.0,17100305
14327000,"N FK COQUILLE R NR MYRTLE POINT, OR",UMPQUA COOS AND COQUILLE RIVER BASINS,OR,43.06817778,-124.1078444,283.0,50.0,17100305
14327055,"COQUILLE RIVER AT COQUILLE, OR",UMPQUA COOS AND COQUILLE RIVER BASINS,OR,43.15794167,-124.1817944,926.0,10.0,17100305
14327150,"SIXES RIVER AT SIXES, OR",OREGON COASTAL BASINS,OR,42.81700556,-124.48253611,116.0,21.0,171003060203
14328000,"ROGUE RIVER ABOVE PROSPECT, OR",ROGUE AND CHETCO RIVER BASINS,OR,42.77484917,-122.4997585,312.0,2620.0,17100307
14330000,"ROGUE RIVER BELOW PROSPECT, OR",ROGUE AND CHETCO RIVER BASINS,OR,42.72957187,-122.516147,379.0,1964.56,17100307
14332000,"SOUTH FORK ROGUE RIVER NEAR PROSPECT, OR",ROGUE AND CHETCO RIVER BASINS,OR,42.70638889,-122.388611,83.8,3360.0,17100307
14335072,"ROGUE R AT COLE M RIVERS F HATCHERY NR MCLEOD, OR",ROGUE AND CHETCO RIVER BASINS,OR,42.6658333,-122.6863889,689.0,1550.0,17100307
14337500,"BIG BUTTE CREEK NEAR MCLEOD, OR",ROGUE AND CHETCO RIVER BASINS,OR,42.6512372,-122.6914288,245.0,1525.95,17100307
14337600,"ROGUE RIVER NEAR MCLEOD, OR",ROGUE AND CHETCO RIVER BASINS,OR,42.6554035,-122.7150408,938.0,1489.08,17100307
14338000,"ELK CREEK NEAR TRAIL, OR",ROGUE AND CHETCO RIVER BASINS,OR,42.6787364,-122.7419867,129.0,1493.91,17100307
14339000,"ROGUE RIVER AT DODGE BRIDGE, NEAR EAGLE POINT, OR",ROGUE AND CHETCO RIVER BASINS,OR,42.5248471,-122.8428203,1215.0,1271.99,17100307
14353000,"WEST FORK ASHLAND CREEK NEAR ASHLAND, OR",ROGUE AND CHETCO RIVER BASINS,OR,42.14874336,-122.7166989,10.7,2961.75,17100308
14353500,"EAST FORK ASHLAND CREEK NEAR ASHLAND, OR",ROGUE AND CHETCO RIVER BASINS,OR,42.1526323,-122.7094764,8.14,2903.7,17100308
14354200,"BEAR CREEK BELOW ASHLAND CREEK AT ASHLAND, OR",ROGUE AND CHETCO RIVER BASINS,OR,42.2185,-122.7248056,179.0,1678.27,17100308
14357500,"BEAR CREEK AT MEDFORD, OR",ROGUE AND CHETCO RIVER BASINS,OR,42.32401547,-122.8667057,289.0,1343.27,17100308
14359000,"ROGUE RIVER AT RAYGOLD NEAR CENTRAL POINT, OR",ROGUE AND CHETCO RIVER BASINS,OR,42.43734597,-122.9872678,2053.0,1121.78,17100308
14361500,"ROGUE RIVER AT GRANTS PASS, OR",ROGUE AND CHETCO RIVER BASINS,OR,42.43039607,-123.3178365,2459.0,884.28,17100308
14361600,"ELLIOTT CREEK NEAR COPPER, OR",ROGUE AND CHETCO RIVER BASINS,OR,42.0040833,-123.1486944,56.4,2047.0,17100309
14362000,"APPLEGATE RIVER NEAR COPPER, OR",ROGUE AND CHETCO RIVER BASINS,OR,42.0637361,-123.1114358,225.0,1747.51,17100309
14362250,"STAR GULCH NEAR RUCH, OR",ROGUE AND CHETCO RIVER BASINS,OR,42.15401355,-123.075323,16.0,1667.04,17100309
14365400,"LITTLE APPLEGATE RIVER NEAR BUNCOM, OR",ROGUE AND CHETCO RIVER BASINS,OR,42.1781813,-123.0030974,108.0,1620.0,17100309
14366000,"APPLEGATE RIVER NEAR APPLEGATE, OR",ROGUE AND CHETCO RIVER BASINS,OR,42.2415113,-123.1400485,483.0,1285.33,17100309
14369500,"APPLEGATE RIVER NEAR WILDERVILLE, OR",ROGUE AND CHETCO RIVER BASINS,OR,42.3540058,-123.4067276,698.0,947.18,17100309
14372300,"ROGUE RIVER NEAR AGNESS, OR",ROGUE AND CHETCO RIVER BASINS,OR,42.59277778,-124.062,3939.0,119.0,17100310
14375100,"SUCKER CREEK BLW LITTLE GRAYBACK CK, NR HOLLAND,OR",ROGUE AND CHETCO RIVER BASINS,OR,42.15956105,-123.4789509,83.9,1713.92,17100311
14377100,"ILLINOIS RIVER NEAR KERBY, OR",ROGUE AND CHETCO RIVER BASINS,OR,42.23177936,-123.66368,380.0,1198.8,17100311
14378430,"ROGUE RIVER AT HWY 101 BRIDGE, AT WEDDERBURN, OR",ROGUE AND CHETCO RIVER BASINS,OR,42.42888889,-124.4122222,,-2.0,17100310
14400000,"CHETCO RIVER NEAR BROOKINGS, OR",ROGUE AND CHETCO RIVER BASINS,OR,42.12344278,-124.1873107,271.0,49.16,17100312
444650123134500,"LUCKIAMUTE RIVER NEAR PARKER, OR",MIDDLE WILLAMETTE RIVER BASIN,OR,44.7805111,-123.2292472,241.0,0.0,17090003
